priority,unit,area,property_group,what_is_wrong,what_to_fix,detail,streamline_unit_id,airbnb_url,vrbo_url,website_url,admin_url,owner,status,notes
high,Hilltop Heaven,(unassigned),,No area assigned,Assign the unit to an area in Streamline. Nothing routes correctly without it.,,1101745,,,https://casago.com/rental/1101745.html,,,open,
high,Hilltop Heaven,(unassigned),,Dark on every verified OTA,"Confirm whether this unit is meant to be selling. If yes, create or relink both OTA listings. If no, set it Non-Renting so it stops appearing here.",,1101745,,,https://casago.com/rental/1101745.html,,,open,
high,San Moritz Lake House,(unassigned),,No area assigned,Assign the unit to an area in Streamline. Nothing routes correctly without it.,,1126958,https://www.airbnb.com/rooms/1719680217336202937,https://www.vrbo.com/5367265,https://www.casagosocal.com/vacation-rentals/lake-arrowhead/crestline/san-moritz-lake-house,,,open,
high,167 San Luis St Unit A,Central Coast,,Dark on every verified OTA,"Confirm whether this unit is meant to be selling. If yes, create or relink both OTA listings. If no, set it Non-Renting so it stops appearing here.",,1126707,,,https://casago.com/rental/874533.html,,,open,
high,167 San Luis St Unit C,Central Coast,,Dark on every verified OTA,"Confirm whether this unit is meant to be selling. If yes, create or relink both OTA listings. If no, set it Non-Renting so it stops appearing here.",,1126708,,,,,,open,
high,167 San Luis St Unit C,Central Coast,,Not active in KeyData,Activate the unit in KeyData so its performance is tracked.,,1126708,,,,,,open,
high,Gallaher,Central Coast,,No Airbnb listing ID,"Open the unit in Streamline and add the Airbnb listing ID under Distribution Channel Settings. If no Airbnb listing exists, create one.",,1101751,,https://www.vrbo.com/5294214,https://www.casagosocal.com/vacation-rentals/central-coast/santa-barbara/gallaher,,,open,
high,Gallaher,Central Coast,,Guest reviews but no listing ID,"The listing is live and taking bookings — do NOT rebuild it. Find the live listing, copy its ID, and paste it into Streamline.","Airbnb: 6 review(s), latest 2026-06-06",1101751,,https://www.vrbo.com/5294214,https://www.casagosocal.com/vacation-rentals/central-coast/santa-barbara/gallaher,,,open,
high,Gateshead Haven,Central Coast,,No VRBO listing ID,"Open the unit in Streamline and add the VRBO listing ID under Distribution Channel Settings. If no VRBO listing exists, create one.",,1101724,https://www.airbnb.com/rooms/1613981016625214954,,https://www.casagosocal.com/vacation-rentals/central-coast/oxnard/gateshead-haven,,,open,
high,Lillie by the Sea - Guest House,Central Coast,,Dark on every verified OTA,"Confirm whether this unit is meant to be selling. If yes, create or relink both OTA listings. If no, set it Non-Renting so it stops appearing here.",,1126676,,,https://casago.com/santa-barbara/lillie-by-the-sea,,,open,
high,Pismo Paradise,Central Coast,,No VRBO listing ID,"Open the unit in Streamline and add the VRBO listing ID under Distribution Channel Settings. If no VRBO listing exists, create one.",,1101639,https://www.airbnb.com/rooms/1613980042100646246,,https://www.casagosocal.com/vacation-rentals/central-coast/pismo-beach/pismo-paradise,,,open,
high,Sailaway Cabin,Central Coast,,No VRBO listing ID,"Open the unit in Streamline and add the VRBO listing ID under Distribution Channel Settings. If no VRBO listing exists, create one.",,1101744,https://www.airbnb.com/rooms/1613980590143218163,,https://www.casagosocal.com/vacation-rentals/central-coast/ventura/sailaway-cabin,,,open,
high,Desert Shores,Coachella,,No VRBO listing ID,"Open the unit in Streamline and add the VRBO listing ID under Distribution Channel Settings. If no VRBO listing exists, create one.",,1129491,https://www.airbnb.com/rooms/1745065684356046292,,https://casago.com/rental/1129491.html,,,open,
high,Hollywood Oasis,Coachella,,Dark on every verified OTA,"Confirm whether this unit is meant to be selling. If yes, create or relink both OTA listings. If no, set it Non-Renting so it stops appearing here.",,1130036,,,https://casago.com/rental/1130036.html,,,open,
high,The Cove Villa,Coachella,,Dark on every verified OTA,"Confirm whether this unit is meant to be selling. If yes, create or relink both OTA listings. If no, set it Non-Renting so it stops appearing here.",,1121874,,,https://casago.com/rental/1121874.html,,,open,
high,Desert Flower,Flagstaff,,No VRBO listing ID,"Open the unit in Streamline and add the VRBO listing ID under Distribution Channel Settings. If no VRBO listing exists, create one.",,1050897,https://www.airbnb.com/rooms/1683514231734699330,,https://www.casagoarizona.com/vacation-rentals/flagstaff/flagstaff/desert-flower,,,open,
high,Getaway in the Sun,Flagstaff,,No VRBO listing ID,"Open the unit in Streamline and add the VRBO listing ID under Distribution Channel Settings. If no VRBO listing exists, create one.",,1050932,https://www.airbnb.com/rooms/1612343205390640658,,,,,open,
high,Getaway in the Sun,Flagstaff,,Not active in KeyData,Activate the unit in KeyData so its performance is tracked.,,1050932,https://www.airbnb.com/rooms/1612343205390640658,,,,,open,
high,Hideaway in the Sun,Flagstaff,,No VRBO listing ID,"Open the unit in Streamline and add the VRBO listing ID under Distribution Channel Settings. If no VRBO listing exists, create one.",,1050933,https://www.airbnb.com/rooms/1612553574075556615,,,,,open,
high,Hideaway in the Sun,Flagstaff,,Not active in KeyData,Activate the unit in KeyData so its performance is tracked.,,1050933,https://www.airbnb.com/rooms/1612553574075556615,,,,,open,
high,Desert Wonder,HighDesert,,Not active in KeyData,Activate the unit in KeyData so its performance is tracked.,,1050589,https://www.airbnb.com/rooms/1047068435854386068,https://www.vrbo.com/5135363,,,,open,
high,Mojave Magic,HighDesert,,Not active in KeyData,Activate the unit in KeyData so its performance is tracked.,,1050960,https://www.airbnb.com/rooms/1603817897364653901,https://www.vrbo.com/5135892,,,,open,
high,Bear's Den,IdyllwildTemecula,,No Airbnb listing ID,"Open the unit in Streamline and add the Airbnb listing ID under Distribution Channel Settings. If no Airbnb listing exists, create one.",,1051208,,https://www.vrbo.com/5136156,https://casago.com/rentals/1014387,,,open,
high,Bear's Den,IdyllwildTemecula,,Guest reviews but no listing ID,"The listing is live and taking bookings — do NOT rebuild it. Find the live listing, copy its ID, and paste it into Streamline.","Airbnb: 3 review(s), latest 2026-06-19",1051208,,https://www.vrbo.com/5136156,https://casago.com/rentals/1014387,,,open,
high,Peaceful Cabin,IdyllwildTemecula,,No VRBO listing ID,"Open the unit in Streamline and add the VRBO listing ID under Distribution Channel Settings. If no VRBO listing exists, create one.",,1121125,https://www.airbnb.com/rooms/1742100515929780609,,https://www.casagosocal.com/vacation-rentals/idyllwild/idyllwild/peaceful-cabin,,,open,
high,The Valley's Cabin,Lake Arrowhead,,No Airbnb listing ID,"Open the unit in Streamline and add the Airbnb listing ID under Distribution Channel Settings. If no Airbnb listing exists, create one.",,1101630,,https://www.vrbo.com/5293974,https://www.casagosocal.com/vacation-rentals/lake-arrowhead/green-valley-lake/the-valleys-cabin,,,open,
high,Balboa Duplex II,Orange County,,No Airbnb listing ID,"Open the unit in Streamline and add the Airbnb listing ID under Distribution Channel Settings. If no Airbnb listing exists, create one.",,1101695,,https://www.vrbo.com/5294108,https://www.casagosocal.com/vacation-rentals/orange-county/newport-beach/balboa-duplex-ii,,,open,
high,Gull Cottage,Orange County,,No VRBO listing ID,"Open the unit in Streamline and add the VRBO listing ID under Distribution Channel Settings. If no VRBO listing exists, create one.",,1101664,https://www.airbnb.com/rooms/1618317326759716847,,https://www.casagosocal.com/vacation-rentals/orange-county/seal-beach/gull-cottage,,,open,
high,Mickey's Hideaway,Orange County,,No Airbnb listing ID,"Open the unit in Streamline and add the Airbnb listing ID under Distribution Channel Settings. If no Airbnb listing exists, create one.",,1101681,,https://www.vrbo.com/5294078,https://www.casagosocal.com/vacation-rentals/orange-county/anaheim/mickeys-hideaway,,,open,
high,Newport Coastal Comfort,Orange County,,No Airbnb listing ID,"Open the unit in Streamline and add the Airbnb listing ID under Distribution Channel Settings. If no Airbnb listing exists, create one.",,1101794,,https://www.vrbo.com/5294304,https://www.casagosocal.com/vacation-rentals/orange-county/newport-beach/newport-coastal-comfort,,,open,
high,Newport Coastal Compound,Orange County,,No VRBO listing ID,"Open the unit in Streamline and add the VRBO listing ID under Distribution Channel Settings. If no VRBO listing exists, create one.",,1101697,https://www.airbnb.com/rooms/1613974573177791219,,https://www.casagosocal.com/vacation-rentals/orange-county/newport-beach/newport-coastal-compound,,,open,
high,Newport Vacation Memories,Orange County,,No VRBO listing ID,"Open the unit in Streamline and add the VRBO listing ID under Distribution Channel Settings. If no VRBO listing exists, create one.",,1101645,https://www.airbnb.com/rooms/1613974402129823033,,https://www.casagosocal.com/vacation-rentals/orange-county/newport-beach/newport-vacation-memories,,,open,
high,Pier View Paradise,Orange County,,No Airbnb listing ID,"Open the unit in Streamline and add the Airbnb listing ID under Distribution Channel Settings. If no Airbnb listing exists, create one.",,1101684,,https://www.vrbo.com/5294085,https://www.casagosocal.com/vacation-rentals/orange-county/san-clemente/pier-view-paradise,,,open,
high,Tommy Bahama Beach Rd I,Orange County,,No Airbnb listing ID,"Open the unit in Streamline and add the Airbnb listing ID under Distribution Channel Settings. If no Airbnb listing exists, create one.",,1101663,,https://www.vrbo.com/5294041,https://www.casagosocal.com/vacation-rentals/orange-county/dana-point/tommy-bahama-beach-rd-i,,,open,
high,Tommy Bahama Beach Rd II,Orange County,,No Airbnb listing ID,"Open the unit in Streamline and add the Airbnb listing ID under Distribution Channel Settings. If no Airbnb listing exists, create one.",,1101676,,https://www.vrbo.com/5294068,https://www.casagosocal.com/vacation-rentals/orange-county/dana-point/tommy-bahama-beach-rd-ii,,,open,
high,Eclectic Vibe,PalmSprings,,No VRBO listing ID,"Open the unit in Streamline and add the VRBO listing ID under Distribution Channel Settings. If no VRBO listing exists, create one.",,1092905,https://www.airbnb.com/rooms/734730888102218289,,https://www.casagosocal.com/vacation-rentals/coachella-valley/palm-springs/eclectic-vibe-o,,,open,
high,Mid Mod Sunsation,PalmSprings,,No VRBO listing ID,"Open the unit in Streamline and add the VRBO listing ID under Distribution Channel Settings. If no VRBO listing exists, create one.",,1092806,https://www.airbnb.com/rooms/19607469,,https://www.casagosocal.com/vacation-rentals/coachella-valley/palm-springs/mid-mod-sunsation,,,open,
high,Modern Luxe,PalmSprings,,No VRBO listing ID,"Open the unit in Streamline and add the VRBO listing ID under Distribution Channel Settings. If no VRBO listing exists, create one.",,1092709,https://www.airbnb.com/rooms/48993229,,https://casago.com/rental/1092709.html,,,open,
high,Palm Desert Oasis on the Green,PalmSprings,,No VRBO listing ID,"Open the unit in Streamline and add the VRBO listing ID under Distribution Channel Settings. If no VRBO listing exists, create one.",,1051000,https://www.airbnb.com/rooms/1683520016731306260,,https://www.casagosocal.com/vacation-rentals/coachella-valley/palm-desert/palm-desert-oasis-on-the-green,,,open,
high,Paradise Views Townhome,PalmSprings,,Not active in KeyData,Activate the unit in KeyData so its performance is tracked.,,1050604,https://www.airbnb.com/rooms/48212077,https://www.vrbo.com/5135378,,,,open,
high,Poolside Modern Wexler - 1261,PalmSprings,,No Airbnb listing ID,"Open the unit in Streamline and add the Airbnb listing ID under Distribution Channel Settings. If no Airbnb listing exists, create one.",,1051176,,https://www.vrbo.com/5136123,https://casago.com/rentals/1014356,,,open,
high,The Fairway Palm Springs,PalmSprings,,No VRBO listing ID,"Open the unit in Streamline and add the VRBO listing ID under Distribution Channel Settings. If no VRBO listing exists, create one.",,1121121,https://www.airbnb.com/rooms/1742100541455921032,,https://casago.com/rental/1121121.html,,,open,
high,Blue Cactus Getaway,Phoenix,,Not active in KeyData,Activate the unit in KeyData so its performance is tracked.,,1051140,https://www.airbnb.com/rooms/1745096986682128876,https://www.vrbo.com/5136082,,,,open,
high,Glorious Glendale Getaway,Phoenix,,No Airbnb listing ID,"Open the unit in Streamline and add the Airbnb listing ID under Distribution Channel Settings. If no Airbnb listing exists, create one.",,1050737,,https://www.vrbo.com/5135551,https://casago.com/rentals/1013936,,,open,
high,Paradise Valley Vacation Home,Phoenix,,Dark on every verified OTA,"Confirm whether this unit is meant to be selling. If yes, create or relink both OTA listings. If no, set it Non-Renting so it stops appearing here.",,1051077,,,https://www.casagoarizona.com/vacation-rentals/phoenix/phoenix/paradise-valley-vacation-home,,,open,
high,Rolling Hills Haven,Phoenix,,Dark on every verified OTA,"Confirm whether this unit is meant to be selling. If yes, create or relink both OTA listings. If no, set it Non-Renting so it stops appearing here.",,1128196,,,https://casago.com/rental/1128196.html,,,open,
high,Spacious Relaxing Sanctuary,Phoenix,,Not active in KeyData,Activate the unit in KeyData so its performance is tracked.,,1051039,https://www.airbnb.com/rooms/1747386065228174906,https://www.vrbo.com/5135977,,,,open,
high,The Urban Vale,Phoenix,,Dark on every verified OTA,"Confirm whether this unit is meant to be selling. If yes, create or relink both OTA listings. If no, set it Non-Renting so it stops appearing here.",,1128195,,,https://casago.com/rental/1128195.html,,,open,
high,Troon North Golf Casitas - TC102,Phoenix,,No Airbnb listing ID,"Open the unit in Streamline and add the Airbnb listing ID under Distribution Channel Settings. If no Airbnb listing exists, create one.",,1039399,,https://www.vrbo.com/384316,https://www.casagoarizona.com/vacation-rentals/scottsdale/scottsdale/troon-north-golf-casitas-TC102,,,open,
high,The Whispering Woods,PineTop,,Not active in KeyData,Activate the unit in KeyData so its performance is tracked.,,1050728,https://www.airbnb.com/rooms/1146475943719041483,https://www.vrbo.com/5135535,,,,open,
high,Rockridge,Sedona,,Not active in KeyData,Activate the unit in KeyData so its performance is tracked.,,1050641,https://www.airbnb.com/rooms/1612340347512678554,https://www.vrbo.com/5135426,,,,open,
high,Mountain View Retreat,Tucson,,Not active in KeyData,Activate the unit in KeyData so its performance is tracked.,,1039388,https://www.airbnb.com/rooms/712387390788735361,https://www.vrbo.com/2998021,,,,open,
high,Vistoso Resort Casita #149,Tucson,,Not active in KeyData,Activate the unit in KeyData so its performance is tracked.,,1051241,https://www.airbnb.com/rooms/22368907,https://www.vrbo.com/5136191,,,,open,
medium,Dream House,(unassigned),,"In Wazzi Data, not in Streamline",Remove or archive the stale Wazzi Data record.,,1042222,,,,,,open,
medium,Palm Springs Office,(unassigned),,"Active in KeyData, not renting in Streamline",Deactivate in KeyData — this is not a renting property.,admin/test unit — deactivate in KeyData,1106800,,,,,,open,
medium,Reservation Group Unit,(unassigned),,"Active in KeyData, not renting in Streamline",Deactivate in KeyData — this is not a renting property.,admin/test unit — deactivate in KeyData,1131396,,,,,,open,
medium,Scottsdale Office,(unassigned),,"Active in KeyData, not renting in Streamline",Deactivate in KeyData — this is not a renting property.,admin/test unit — deactivate in KeyData,1039359,,,,,,open,
medium,Sedona Office,(unassigned),,"Active in KeyData, not renting in Streamline",Deactivate in KeyData — this is not a renting property.,admin/test unit — deactivate in KeyData,1039365,,,,,,open,
medium,Test Scottsdale,(unassigned),,"Active in KeyData, not renting in Streamline",Deactivate in KeyData — this is not a renting property.,admin/test unit — deactivate in KeyData,1039367,,,,,,open,
medium,Tucson Office,(unassigned),,"Active in KeyData, not renting in Streamline",Deactivate in KeyData — this is not a renting property.,admin/test unit — deactivate in KeyData,1039363,,,,,,open,
medium,Bangor Lane Oasis,Central Coast,,Stage says Live but unit is Non-Renting,"Reconcile the two fields: either set the unit back to Renting, or change Property Stage off Live.","Property Stage = Live, Renting Type = Non-Renting",1101727,,,,,,open,
medium,Brockton Diamond,Central Coast,,Stage says Live but unit is Non-Renting,"Reconcile the two fields: either set the unit back to Renting, or change Property Stage off Live.","Property Stage = Live, Renting Type = Non-Renting",1101651,,,,,,open,
medium,Colors of the Coast,Central Coast,,Stage says Live but unit is Non-Renting,"Reconcile the two fields: either set the unit back to Renting, or change Property Stage off Live.","Property Stage = Live, Renting Type = Non-Renting",1101655,,,,,,open,
medium,Fernald Point Adventure,Central Coast,,Stage says Live but unit is Non-Renting,"Reconcile the two fields: either set the unit back to Renting, or change Property Stage off Live.","Property Stage = Live, Renting Type = Non-Renting",1101622,,,,,,open,
medium,Groovy Getaway,Central Coast,,Stage says Live but unit is Non-Renting,"Reconcile the two fields: either set the unit back to Renting, or change Property Stage off Live.","Property Stage = Live, Renting Type = Non-Renting",1101703,,,,,,open,
medium,Pebble Beach Abundant Oasis,Central Coast,,Stage says Live but unit is Non-Renting,"Reconcile the two fields: either set the unit back to Renting, or change Property Stage off Live.","Property Stage = Live, Renting Type = Non-Renting",1101731,,,,,,open,
medium,Calle Rondo Haven,Coachella,,Stage says Live but unit is Non-Renting,"Reconcile the two fields: either set the unit back to Renting, or change Property Stage off Live.","Property Stage = Live, Renting Type = Non-Renting",1050843,,,,,,open,
medium,Evening Star Resort,Coachella,,Stage says Live but unit is Non-Renting,"Reconcile the two fields: either set the unit back to Renting, or change Property Stage off Live.","Property Stage = Live, Renting Type = Non-Renting",1050892,,,,,,open,
medium,Music Festival Haven in the Desert,Coachella,,Stage says Live but unit is Non-Renting,"Reconcile the two fields: either set the unit back to Renting, or change Property Stage off Live.","Property Stage = Live, Renting Type = Non-Renting",1051147,,,,,,open,
medium,Sun City Escape,Coachella,,Stage says Live but unit is Non-Renting,"Reconcile the two fields: either set the unit back to Renting, or change Property Stage off Live.","Property Stage = Live, Renting Type = Non-Renting",1051132,,,,,,open,
medium,The Poolhouse at La Quinta,Coachella,,Stage says Live but unit is Non-Renting,"Reconcile the two fields: either set the unit back to Renting, or change Property Stage off Live.","Property Stage = Live, Renting Type = Non-Renting",1050750,,,,,,open,
medium,The Poolhouse at La Quinta,Coachella,,"Active in KeyData, not renting in Streamline",Deactivate in KeyData — this is not a renting property.,non-renting in Streamline,1050750,,,,,,open,
medium,Vista del Sol,Coachella,,Stage says Live but unit is Non-Renting,"Reconcile the two fields: either set the unit back to Renting, or change Property Stage off Live.","Property Stage = Live, Renting Type = Non-Renting",1056219,,,,,,open,
medium,Vista del Sol,Coachella,,"Active in KeyData, not renting in Streamline",Deactivate in KeyData — this is not a renting property.,non-renting in Streamline,1056219,,,,,,open,
medium,Wish You Were Here,Coachella,,Stage says Live but unit is Non-Renting,"Reconcile the two fields: either set the unit back to Renting, or change Property Stage off Live.","Property Stage = Live, Renting Type = Non-Renting",1050970,,,,,,open,
medium,Casa de Canyon,Flagstaff,,Stage says Live but unit is Non-Renting,"Reconcile the two fields: either set the unit back to Renting, or change Property Stage off Live.","Property Stage = Live, Renting Type = Non-Renting",1051084,,,,,,open,
medium,Lynx Cabin,Flagstaff,,"In Wazzi Data, not in Streamline",Remove or archive the stale Wazzi Data record.,,1051266,,,,,,open,
medium,Mountainaire Haven,Flagstaff,,Stage says Live but unit is Non-Renting,"Reconcile the two fields: either set the unit back to Renting, or change Property Stage off Live.","Property Stage = Live, Renting Type = Non-Renting",1051021,,,,,,open,
medium,Whispering Pines,Flagstaff,,"Active in KeyData, not renting in Streamline",Deactivate in KeyData — this is not a renting property.,non-renting in Streamline,1051386,,,,,,open,
medium,Blue Canyon Paradise,HighDesert,,Stage says Live but unit is Non-Renting,"Reconcile the two fields: either set the unit back to Renting, or change Property Stage off Live.","Property Stage = Live, Renting Type = Non-Renting",1050936,,,,,,open,
medium,Blue Canyon Paradise,HighDesert,,"Active in KeyData, not renting in Streamline",Deactivate in KeyData — this is not a renting property.,non-renting in Streamline,1050936,,,,,,open,
medium,TERMINATED - Everett Retreat,IdyllwildTemecula,,Stage says Live but unit is Non-Renting,"Reconcile the two fields: either set the unit back to Renting, or change Property Stage off Live.","Property Stage = Live, Renting Type = Non-Renting",1051385,,,,,,open,
medium,Adorable Explorable,Lake Arrowhead,,Stage says Live but unit is Non-Renting,"Reconcile the two fields: either set the unit back to Renting, or change Property Stage off Live.","Property Stage = Live, Renting Type = Non-Renting",1101687,,,,,,open,
medium,Cloud Nine,Lake Arrowhead,,Stage says Live but unit is Non-Renting,"Reconcile the two fields: either set the unit back to Renting, or change Property Stage off Live.","Property Stage = Live, Renting Type = Non-Renting",1101834,,,,,,open,
medium,Howard's Cabin,Lake Arrowhead,,Stage says Live but unit is Non-Renting,"Reconcile the two fields: either set the unit back to Renting, or change Property Stage off Live.","Property Stage = Live, Renting Type = Non-Renting",1101823,,,,,,open,
medium,Bayfront Beauty,Orange County,,Stage says Live but unit is Non-Renting,"Reconcile the two fields: either set the unit back to Renting, or change Property Stage off Live.","Property Stage = Live, Renting Type = Non-Renting",1101667,,,,,,open,
medium,Bayfront Beauty,Orange County,,"Active in KeyData, not renting in Streamline",Deactivate in KeyData — this is not a renting property.,non-renting in Streamline,1101667,,,,,,open,
medium,Bayfront Beauty I,Orange County,,Stage says Live but unit is Non-Renting,"Reconcile the two fields: either set the unit back to Renting, or change Property Stage off Live.","Property Stage = Live, Renting Type = Non-Renting",1101789,,,,,,open,
medium,Bayfront Beauty I,Orange County,,"Active in KeyData, not renting in Streamline",Deactivate in KeyData — this is not a renting property.,non-renting in Streamline,1101789,,,,,,open,
medium,Bayfront Beauty II,Orange County,,Stage says Live but unit is Non-Renting,"Reconcile the two fields: either set the unit back to Renting, or change Property Stage off Live.","Property Stage = Live, Renting Type = Non-Renting",1101790,,,,,,open,
medium,Bayfront Beauty II,Orange County,,"Active in KeyData, not renting in Streamline",Deactivate in KeyData — this is not a renting property.,non-renting in Streamline,1101790,,,,,,open,
medium,Cheery Retreat,Orange County,,Stage says Live but unit is Non-Renting,"Reconcile the two fields: either set the unit back to Renting, or change Property Stage off Live.","Property Stage = Live, Renting Type = Non-Renting",1101649,,,,,,open,
medium,Hues and Views,Orange County,,Stage says Live but unit is Non-Renting,"Reconcile the two fields: either set the unit back to Renting, or change Property Stage off Live.","Property Stage = Live, Renting Type = Non-Renting",1101679,,,,,,open,
medium,Hues and Views,Orange County,,"Active in KeyData, not renting in Streamline",Deactivate in KeyData — this is not a renting property.,non-renting in Streamline,1101679,,,,,,open,
medium,Perfect Newport Beach Location With Balcony Spa II,Orange County,,Stage says Live but unit is Non-Renting,"Reconcile the two fields: either set the unit back to Renting, or change Property Stage off Live.","Property Stage = Live, Renting Type = Non-Renting",1101776,,,,,,open,
medium,Perfect Newport Beach Location With Spa I,Orange County,,Stage says Live but unit is Non-Renting,"Reconcile the two fields: either set the unit back to Renting, or change Property Stage off Live.","Property Stage = Live, Renting Type = Non-Renting",1101657,,,,,,open,
medium,Alluring Palm Desert Retreat,PalmSprings,,Stage says Live but unit is Non-Renting,"Reconcile the two fields: either set the unit back to Renting, or change Property Stage off Live.","Property Stage = Live, Renting Type = Non-Renting",1050810,,,,,,open,
medium,Baristo Modern Retreat,PalmSprings,,No COPS account/bank ID,Add the COPS account and bank IDs to the unit record.,,1093026,https://www.airbnb.com/rooms/1551674609491902989,https://www.vrbo.com/20216720ha,https://casago.com/rental/1093026.html,,,open,
medium,Biltmore Bliss,PalmSprings,,No COPS account/bank ID,Add the COPS account and bank IDs to the unit record.,,1051038,https://www.airbnb.com/rooms/1358650594296754404,https://www.vrbo.com/5135976,https://casago.com/rentals/1014231,,,open,
medium,Blue Waters at Andreas Hills,PalmSprings,,Stage says Live but unit is Non-Renting,"Reconcile the two fields: either set the unit back to Renting, or change Property Stage off Live.","Property Stage = Live, Renting Type = Non-Renting",1092699,,,,,,open,
medium,Boo Boo's Hideaway,PalmSprings,,Stage says Live but unit is Non-Renting,"Reconcile the two fields: either set the unit back to Renting, or change Property Stage off Live.","Property Stage = Live, Renting Type = Non-Renting",1092818,,,,,,open,
medium,Caballeros,PalmSprings,,No COPS account/bank ID,Add the COPS account and bank IDs to the unit record.,,1092791,https://www.airbnb.com/rooms/52380722,https://www.vrbo.com/9604504ha,https://casago.com/rental/1092791.html,,,open,
medium,Caballeros Condo,PalmSprings,,No COPS account/bank ID,Add the COPS account and bank IDs to the unit record.,,1050706,https://www.airbnb.com/rooms/1355705413382562137,https://www.vrbo.com/5135500,https://casago.com/rentals/1013905,,,open,
medium,Caballeros Retreat,PalmSprings,,"Active in KeyData, not renting in Streamline",Deactivate in KeyData — this is not a renting property.,non-renting in Streamline,1093027,,,,,,open,
medium,Cactus Path,PalmSprings,,Stage says Live but unit is Non-Renting,"Reconcile the two fields: either set the unit back to Renting, or change Property Stage off Live.","Property Stage = Live, Renting Type = Non-Renting",1051259,,,,,,open,
medium,California Cottage,PalmSprings,,No COPS account/bank ID,Add the COPS account and bank IDs to the unit record.,,1050527,https://www.airbnb.com/rooms/1015066042486428905,https://www.vrbo.com/5135288,https://casago.com/rentals/1013732,,,open,
medium,Calm Waters Palm Springs,PalmSprings,,No COPS account/bank ID,Add the COPS account and bank IDs to the unit record.,,1121978,https://www.airbnb.com/rooms/1720394835974824158,https://www.vrbo.com/5367263,https://www.casagosocal.com/vacation-rentals/coachella-valley/palm-springs/calm-waters-palm-springs,,,open,
medium,Canyon Country Club Unit 58,PalmSprings,,No COPS account/bank ID,Add the COPS account and bank IDs to the unit record.,,1050866,https://www.airbnb.com/rooms/1604071572163441474,https://www.vrbo.com/5135767,https://casago.com/rentals/1014062,,,open,
medium,Canyon Sands Hideaway,PalmSprings,,No COPS account/bank ID,Add the COPS account and bank IDs to the unit record.,,1051192,https://www.airbnb.com/rooms/1355706747578067107,https://www.vrbo.com/5136140,https://casago.com/rentals/1014372,,,open,
medium,Carlotta Haven w/ EV Charger,PalmSprings,,No COPS account/bank ID,Add the COPS account and bank IDs to the unit record.,,1050912,https://www.airbnb.com/rooms/1603772794680840619,https://www.vrbo.com/5135838,https://casago.com/rentals/1014108,,,open,
medium,Casa Escuela,PalmSprings,,Stage says Live but unit is Non-Renting,"Reconcile the two fields: either set the unit back to Renting, or change Property Stage off Live.","Property Stage = Live, Renting Type = Non-Renting",1092836,,,,,,open,
medium,Casa Sereno,PalmSprings,,No COPS account/bank ID,Add the COPS account and bank IDs to the unit record.,,1051392,https://www.airbnb.com/rooms/1521838238614743887,https://www.vrbo.com/5136336,https://casago.com/rentals/1014540,,,open,
medium,Casa Solara,PalmSprings,,Stage says Live but unit is Non-Renting,"Reconcile the two fields: either set the unit back to Renting, or change Property Stage off Live.","Property Stage = Live, Renting Type = Non-Renting",1056215,,,,,,open,
medium,Casa Soluna - 49226,PalmSprings,,Stage says Live but unit is Non-Renting,"Reconcile the two fields: either set the unit back to Renting, or change Property Stage off Live.","Property Stage = Live, Renting Type = Non-Renting",1050761,,,,,,open,
medium,Casa del Lago Mirage,PalmSprings,,No COPS account/bank ID,Add the COPS account and bank IDs to the unit record.,,1050732,https://www.airbnb.com/rooms/1515992582891250876,https://www.vrbo.com/5135545,https://casago.com/rentals/1013931,,,open,
medium,Cathedral City Oasis,PalmSprings,,No COPS account/bank ID,Add the COPS account and bank IDs to the unit record.,,1051352,https://www.airbnb.com/rooms/1523198294360612556,https://www.vrbo.com/5136297,https://casago.com/rentals/1014504,,,open,
medium,Center Court Escape,PalmSprings,,No COPS account/bank ID,Add the COPS account and bank IDs to the unit record.,,1051356,https://www.airbnb.com/rooms/1449977363574313555,https://www.vrbo.com/5136301,https://casago.com/rentals/1014508,,,open,
medium,Cerritos Style - 48864,PalmSprings,,Stage says Live but unit is Non-Renting,"Reconcile the two fields: either set the unit back to Renting, or change Property Stage off Live.","Property Stage = Live, Renting Type = Non-Renting",1051231,,,,,,open,
medium,Citrus Springs,PalmSprings,,Stage says Live but unit is Non-Renting,"Reconcile the two fields: either set the unit back to Renting, or change Property Stage off Live.","Property Stage = Live, Renting Type = Non-Renting",1093012,,,,,,open,
medium,Cliff House - El Paseo Retreat,PalmSprings,,No COPS account/bank ID,Add the COPS account and bank IDs to the unit record.,,1051160,https://www.airbnb.com/rooms/1603774194216065253,https://www.vrbo.com/5136105,https://casago.com/rentals/1014341,,,open,
medium,Cody Place Luxe,PalmSprings,,No COPS account/bank ID,Add the COPS account and bank IDs to the unit record.,,1093037,https://www.airbnb.com/rooms/1628335739949027358,https://www.vrbo.com/20256800ha,https://casago.com/rental/1093037.html,,,open,
medium,De Anza Escape,PalmSprings,,Stage says Live but unit is Non-Renting,"Reconcile the two fields: either set the unit back to Renting, or change Property Stage off Live.","Property Stage = Live, Renting Type = Non-Renting",1050835,,,,,,open,
medium,Deep Well of the Desert,PalmSprings,,Stage says Live but unit is Non-Renting,"Reconcile the two fields: either set the unit back to Renting, or change Property Stage off Live.","Property Stage = Live, Renting Type = Non-Renting",1051251,,,,,,open,
medium,Deep Well of the Desert,PalmSprings,,"Active in KeyData, not renting in Streamline",Deactivate in KeyData — this is not a renting property.,non-renting in Streamline,1051251,,,,,,open,
medium,Desert Blue,PalmSprings,,No COPS account/bank ID,Add the COPS account and bank IDs to the unit record.,,1051236,https://www.airbnb.com/rooms/1355303124416403828,https://www.vrbo.com/5136186,https://casago.com/rentals/1014414,,,open,
medium,Desert Breeze Oasis,PalmSprings,,No COPS account/bank ID,Add the COPS account and bank IDs to the unit record.,,1050659,https://www.airbnb.com/rooms/1355705964315888411,https://www.vrbo.com/5135447,https://casago.com/rentals/1013861,,,open,
medium,Desert Daydream,PalmSprings,,No COPS account/bank ID,Add the COPS account and bank IDs to the unit record.,,1056221,https://www.airbnb.com/rooms/1432800628654983666,https://www.vrbo.com/5136407,https://casago.com/rentals/1014604,,,open,
medium,Desert Delight,PalmSprings,,No COPS account/bank ID,Add the COPS account and bank IDs to the unit record.,,1056226,https://www.airbnb.com/rooms/1603771307703155332,https://www.vrbo.com/5136409,https://casago.com/rentals/1014605,,,open,
medium,Desert Dream House,PalmSprings,,No COPS account/bank ID,Add the COPS account and bank IDs to the unit record.,,1050842,https://www.airbnb.com/rooms/1355705662937019751,https://www.vrbo.com/5135723,https://www.casagosocal.com/vacation-rentals/coachella-valley/palm-desert/desert-dream-house,,,open,
medium,Desert Drift,PalmSprings,,Stage says Live but unit is Non-Renting,"Reconcile the two fields: either set the unit back to Renting, or change Property Stage off Live.","Property Stage = Live, Renting Type = Non-Renting",1050613,,,,,,open,
medium,Desert Drift,PalmSprings,,"Active in KeyData, not renting in Streamline",Deactivate in KeyData — this is not a renting property.,non-renting in Streamline,1050613,,,,,,open,
medium,Desert Dunes,PalmSprings,,No COPS account/bank ID,Add the COPS account and bank IDs to the unit record.,,1124232,https://www.airbnb.com/rooms/1731239015490841296,https://www.vrbo.com/5392430,https://casago.com/rental/1124232.html,,,open,
medium,Desert Falls Retreat,PalmSprings,,No COPS account/bank ID,Add the COPS account and bank IDs to the unit record.,,1050967,https://www.airbnb.com/rooms/1603773645105073580,https://www.vrbo.com/5135899,https://casago.com/rentals/1014162,,,open,
medium,Desert Falls in Love,PalmSprings,,No COPS account/bank ID,Add the COPS account and bank IDs to the unit record.,,1051100,https://www.airbnb.com/rooms/1014632523946826002,https://www.vrbo.com/5136044,https://casago.com/rentals/1014289,,,open,
medium,Desert Living Refuge,PalmSprings,,No COPS account/bank ID,Add the COPS account and bank IDs to the unit record.,,1051210,https://www.airbnb.com/rooms/1603771082001180703,https://www.vrbo.com/5136158,https://casago.com/rentals/1014389,,,open,
medium,Desert Luxe Retreat,PalmSprings,,No COPS account/bank ID,Add the COPS account and bank IDs to the unit record.,,1051099,https://www.airbnb.com/rooms/1583352871517789266,https://www.vrbo.com/5136043,https://casago.com/rentals/1014288,,,open,
medium,Desert Luxury Getaway - 30 night minimum,PalmSprings,,No COPS account/bank ID,Add the COPS account and bank IDs to the unit record.,,1050956,https://www.airbnb.com/rooms/1355706398092736287,https://www.vrbo.com/5135888,https://casago.com/rentals/1014151,,,open,
medium,Desert Mirage,PalmSprings,,Stage says Live but unit is Non-Renting,"Reconcile the two fields: either set the unit back to Renting, or change Property Stage off Live.","Property Stage = Live, Renting Type = Non-Renting",1051324,,,,,,open,
medium,Desert Mirage,PalmSprings,,"Active in KeyData, not renting in Streamline",Deactivate in KeyData — this is not a renting property.,non-renting in Streamline,1051324,,,,,,open,
medium,Desert Serene,PalmSprings,,Stage says Live but unit is Non-Renting,"Reconcile the two fields: either set the unit back to Renting, or change Property Stage off Live.","Property Stage = Live, Renting Type = Non-Renting",1051159,,,,,,open,
medium,Desert Serene,PalmSprings,,"Active in KeyData, not renting in Streamline",Deactivate in KeyData — this is not a renting property.,non-renting in Streamline,1051159,,,,,,open,
medium,Desert Sky Estate,PalmSprings,,No COPS account/bank ID,Add the COPS account and bank IDs to the unit record.,,1050973,https://www.airbnb.com/rooms/1014631512433964474,https://www.vrbo.com/5135906,https://casago.com/rentals/1014168,,,open,
medium,Desert Vista Oasis,PalmSprings,,No COPS account/bank ID,Add the COPS account and bank IDs to the unit record.,,1051284,https://www.airbnb.com/rooms/1167476729448699316,https://www.vrbo.com/5136233,https://casago.com/rentals/1014452,,,open,
medium,Diamond Palms at Desert Princess Resort,PalmSprings,,No COPS account/bank ID,Add the COPS account and bank IDs to the unit record.,,1092712,https://www.airbnb.com/rooms/1203773437722550720,https://www.vrbo.com/9986437ha,https://www.casagosocal.com/vacation-rentals/coachella-valley/cathedral-city/diamond-palms-at-desert-princess-resort,,,open,
medium,Downtown Desert Retreat,PalmSprings,,No COPS account/bank ID,Add the COPS account and bank IDs to the unit record.,,1092542,https://www.airbnb.com/rooms/1691377627291328379,https://www.vrbo.com/5287749,https://casago.com/rentals/1025754,,,open,
medium,East Amarillo Escape - 68652,PalmSprings,,Stage says Live but unit is Non-Renting,"Reconcile the two fields: either set the unit back to Renting, or change Property Stage off Live.","Property Stage = Live, Renting Type = Non-Renting",1050895,,,,,,open,
medium,East Park Classic - 1085,PalmSprings,,No COPS account/bank ID,Add the COPS account and bank IDs to the unit record.,,1050832,https://www.airbnb.com/rooms/1603774324042899440,https://www.vrbo.com/5135702,https://casago.com/rentals/1014029,,,open,
medium,Easy Living Palm Desert,PalmSprings,,No COPS account/bank ID,Add the COPS account and bank IDs to the unit record.,,1051223,https://www.airbnb.com/rooms/45688326,https://www.vrbo.com/5136172,https://casago.com/rentals/1014402,,,open,
medium,El Paseo Modern,PalmSprings,,No COPS account/bank ID,Add the COPS account and bank IDs to the unit record.,,1050952,https://www.airbnb.com/rooms/28459152,https://www.vrbo.com/5135883,https://casago.com/rentals/1014147,,,open,
medium,Endless Blooms #22,PalmSprings,,No COPS account/bank ID,Add the COPS account and bank IDs to the unit record.,,1050988,https://www.airbnb.com/rooms/1355706266953971670,https://www.vrbo.com/5135921,https://casago.com/rentals/1014182,,,open,
medium,Escape To Palm Desert - 27 night minimum rental,PalmSprings,,No COPS account/bank ID,Add the COPS account and bank IDs to the unit record.,,1050644,https://www.airbnb.com/rooms/22749697,https://www.vrbo.com/5135430,https://casago.com/rentals/1013846,,,open,
medium,Escape to Escena,PalmSprings,,No COPS account/bank ID,Add the COPS account and bank IDs to the unit record.,,1051183,https://www.airbnb.com/rooms/40862726,https://www.vrbo.com/5136131,https://casago.com/rentals/1014363,,,open,
medium,Esprit Escape,PalmSprings,,No COPS account/bank ID,Add the COPS account and bank IDs to the unit record.,,1050505,https://www.airbnb.com/rooms/1434975068521834316,https://www.vrbo.com/5135260,https://casago.com/rentals/1013710,,,open,
medium,Esprit Vacation Condo,PalmSprings,,Stage says Live but unit is Non-Renting,"Reconcile the two fields: either set the unit back to Renting, or change Property Stage off Live.","Property Stage = Live, Renting Type = Non-Renting",1050775,,,,,,open,
medium,Fairway View,PalmSprings,,Stage says Live but unit is Non-Renting,"Reconcile the two fields: either set the unit back to Renting, or change Property Stage off Live.","Property Stage = Live, Renting Type = Non-Renting",1050860,,,,,,open,
medium,Folded-Plate Roof,PalmSprings,,No COPS account/bank ID,Add the COPS account and bank IDs to the unit record.,,1050818,https://www.airbnb.com/rooms/1355706463457298334,https://www.vrbo.com/5135680,https://casago.com/rentals/1014015,,,open,
medium,Fred Waring Dreams,PalmSprings,,No COPS account/bank ID,Add the COPS account and bank IDs to the unit record.,,1051158,https://www.airbnb.com/rooms/1603774292694248651,https://www.vrbo.com/5136101,https://casago.com/rentals/1014339,,,open,
medium,Freestone Modern - 2806,PalmSprings,,Stage says Live but unit is Non-Renting,"Reconcile the two fields: either set the unit back to Renting, or change Property Stage off Live.","Property Stage = Live, Renting Type = Non-Renting",1050869,,,,,,open,
medium,Freestone Modern - 2806,PalmSprings,,"Active in KeyData, not renting in Streamline",Deactivate in KeyData — this is not a renting property.,non-renting in Streamline,1050869,,,,,,open,
medium,Golden Fairway,PalmSprings,,No COPS account/bank ID,Add the COPS account and bank IDs to the unit record.,,1051336,https://www.airbnb.com/rooms/1401633584117110370,https://www.vrbo.com/5136280,https://casago.com/rentals/1014491,,,open,
medium,Golf Paradise at Mission Lakes,PalmSprings,,Stage says Live but unit is Non-Renting,"Reconcile the two fields: either set the unit back to Renting, or change Property Stage off Live.","Property Stage = Live, Renting Type = Non-Renting",1051218,,,,,,open,
medium,Golf Paradise at Mission Lakes,PalmSprings,,"Active in KeyData, not renting in Streamline",Deactivate in KeyData — this is not a renting property.,non-renting in Streamline,1051218,,,,,,open,
medium,Hermosa Villas Hideaway,PalmSprings,,No COPS account/bank ID,Add the COPS account and bank IDs to the unit record.,,1050616,https://www.airbnb.com/rooms/1573960173525990949,https://www.vrbo.com/5135395,https://casago.com/rentals/1013819,,,open,
medium,Iconic Oasis,PalmSprings,,No COPS account/bank ID,Add the COPS account and bank IDs to the unit record.,,1050904,https://www.airbnb.com/rooms/1603772188032197301,https://www.vrbo.com/5135828,https://casago.com/rentals/1014100,,,open,
medium,Indulgent Escape In Rancho Mirage,PalmSprings,,No COPS account/bank ID,Add the COPS account and bank IDs to the unit record.,,1050521,https://www.airbnb.com/rooms/22749530,https://www.vrbo.com/5135282,https://casago.com/rentals/1013726,,,open,
medium,La Joya Granate,PalmSprings,,No COPS account/bank ID,Add the COPS account and bank IDs to the unit record.,,1050751,https://www.airbnb.com/rooms/1719753056810757084,https://www.vrbo.com/5135571,https://casago.com/rentals/1013950,,,open,
medium,Loufie's Desert Retreat,PalmSprings,,No COPS account/bank ID,Add the COPS account and bank IDs to the unit record.,,1050985,https://www.airbnb.com/rooms/1521838919013624607,https://www.vrbo.com/5135918,https://casago.com/rentals/1014180,,,open,
medium,Luxury on the Lake Rancho Mirage,PalmSprings,,No COPS account/bank ID,Add the COPS account and bank IDs to the unit record.,,1050836,https://www.airbnb.com/rooms/45688158,https://www.vrbo.com/5135710,https://casago.com/rentals/1014033,,,open,
medium,Mellow Yellow Butterfly,PalmSprings,,Stage says Live but unit is Non-Renting,"Reconcile the two fields: either set the unit back to Renting, or change Property Stage off Live.","Property Stage = Live, Renting Type = Non-Renting",1092798,,,,,,open,
medium,Mellow Yellow Butterfly,PalmSprings,,"Active in KeyData, not renting in Streamline",Deactivate in KeyData — this is not a renting property.,non-renting in Streamline,1092798,,,,,,open,
medium,Mesquite Condo in the Sun,PalmSprings,,No COPS account/bank ID,Add the COPS account and bank IDs to the unit record.,,1050784,https://www.airbnb.com/rooms/48212076,https://www.vrbo.com/5135627,https://casago.com/rentals/1013982,,,open,
medium,Mi Hermosa,PalmSprings,,No COPS account/bank ID,Add the COPS account and bank IDs to the unit record.,,1051242,https://www.airbnb.com/rooms/1604303898425461493,https://www.vrbo.com/5136192,https://casago.com/rentals/1014420,,,open,
medium,Mirage Cove,PalmSprings,,No COPS account/bank ID,Add the COPS account and bank IDs to the unit record.,,1050800,https://www.airbnb.com/rooms/22749739,https://www.vrbo.com/5135649,https://casago.com/rentals/1013997,,,open,
medium,Mod Reflections at Tamarisk,PalmSprings,,No COPS account/bank ID,Add the COPS account and bank IDs to the unit record.,,1050830,https://www.airbnb.com/rooms/1355705682886073634,https://www.vrbo.com/5135698,https://casago.com/rentals/1014027,,,open,
medium,Modern & Breezy,PalmSprings,,No COPS account/bank ID,Add the COPS account and bank IDs to the unit record.,,1050725,https://www.airbnb.com/rooms/1412535775027072654,https://www.vrbo.com/5135531,https://casago.com/rentals/1013924,,,open,
medium,Modern Desert Retreat,PalmSprings,,No COPS account/bank ID,Add the COPS account and bank IDs to the unit record.,,1050826,https://www.airbnb.com/rooms/1603772864021571738,https://www.vrbo.com/5135691,https://casago.com/rentals/1014023,,,open,
medium,Modern Luxe,PalmSprings,,No COPS account/bank ID,Add the COPS account and bank IDs to the unit record.,,1092709,https://www.airbnb.com/rooms/48993229,,https://casago.com/rental/1092709.html,,,open,
medium,Modern Mirage,PalmSprings,,No COPS account/bank ID,Add the COPS account and bank IDs to the unit record.,,1050522,https://www.airbnb.com/rooms/22749707,https://www.vrbo.com/5135283,https://casago.com/rentals/1013727,,,open,
medium,Morning Springs Mirage,PalmSprings,,No COPS account/bank ID,Add the COPS account and bank IDs to the unit record.,,1051070,https://www.airbnb.com/rooms/1355706620513384851,https://www.vrbo.com/5136007,https://casago.com/rentals/1014259,,,open,
medium,Mountain Shadows Condo,PalmSprings,,No COPS account/bank ID,Add the COPS account and bank IDs to the unit record.,,1050603,https://www.airbnb.com/rooms/48212074,https://www.vrbo.com/5135377,https://www.casagosocal.com/vacation-rentals/coachella-valley/palm-springs/mountain-shadows-condo,,,open,
medium,Mountain View Oasis at PGA West,PalmSprings,,Stage says Live but unit is Non-Renting,"Reconcile the two fields: either set the unit back to Renting, or change Property Stage off Live.","Property Stage = Live, Renting Type = Non-Renting",1092750,,,,,,open,
medium,Mountain View Oasis at PGA West,PalmSprings,,"Active in KeyData, not renting in Streamline",Deactivate in KeyData — this is not a renting property.,non-renting in Streamline,1092750,,,,,,open,
medium,Movie Colony Bungalow - 3364,PalmSprings,,Stage says Live but unit is Non-Renting,"Reconcile the two fields: either set the unit back to Renting, or change Property Stage off Live.","Property Stage = Live, Renting Type = Non-Renting",1050645,,,,,,open,
medium,My Kind Of Zen,PalmSprings,,Stage says Live but unit is Non-Renting,"Reconcile the two fields: either set the unit back to Renting, or change Property Stage off Live.","Property Stage = Live, Renting Type = Non-Renting",1092786,,,,,,open,
medium,My Kind Of Zen,PalmSprings,,"Active in KeyData, not renting in Streamline",Deactivate in KeyData — this is not a renting property.,non-renting in Streamline,1092786,,,,,,open,
medium,Oasis in Palm Desert Resorter,PalmSprings,,No COPS account/bank ID,Add the COPS account and bank IDs to the unit record.,,1051300,https://www.airbnb.com/rooms/1389802507562726314,https://www.vrbo.com/5136248,https://casago.com/rentals/1014464,,,open,
medium,Olivos Oasis,PalmSprings,,"Active in KeyData, not renting in Streamline",Deactivate in KeyData — this is not a renting property.,non-renting in Streamline,1102280,,,,,,open,
medium,PD Retreat,PalmSprings,,No COPS account/bank ID,Add the COPS account and bank IDs to the unit record.,,1051163,https://www.airbnb.com/rooms/1603773362630279214,https://www.vrbo.com/5136107,https://casago.com/rentals/1014343,,,open,
medium,Palm Breeze,PalmSprings,,No COPS account/bank ID,Add the COPS account and bank IDs to the unit record.,,1051360,https://www.airbnb.com/rooms/1490761481119254885,https://www.vrbo.com/5136306,https://casago.com/rentals/1014512,,,open,
medium,Palm Desert Charm,PalmSprings,,No COPS account/bank ID,Add the COPS account and bank IDs to the unit record.,,1050958,https://www.airbnb.com/rooms/1604088829684294520,https://www.vrbo.com/5135890,https://casago.com/rentals/1014153,,,open,
medium,Palm Desert Oasis on the Green,PalmSprings,,No COPS account/bank ID,Add the COPS account and bank IDs to the unit record.,,1051000,https://www.airbnb.com/rooms/1683520016731306260,,https://www.casagosocal.com/vacation-rentals/coachella-valley/palm-desert/palm-desert-oasis-on-the-green,,,open,
medium,Palm Desert Resorter 16-18,PalmSprings,,No COPS account/bank ID,Add the COPS account and bank IDs to the unit record.,,1050961,https://www.airbnb.com/rooms/1603772218156329463,https://www.vrbo.com/5135893,https://casago.com/rentals/1014156,,,open,
medium,Palm Desert Resorter 42-04,PalmSprings,,No COPS account/bank ID,Add the COPS account and bank IDs to the unit record.,,1050908,https://www.airbnb.com/rooms/1603773927493314921,https://www.vrbo.com/5135832,https://casago.com/rentals/1014104,,,open,
medium,Palm Oasis Escape,PalmSprings,,No COPS account/bank ID,Add the COPS account and bank IDs to the unit record.,,1051250,https://www.airbnb.com/rooms/1363733830017376474,https://www.vrbo.com/5136200,https://casago.com/rentals/1014428,,,open,
medium,Palm Paradise,PalmSprings,,No COPS account/bank ID,Add the COPS account and bank IDs to the unit record.,,1056227,https://www.airbnb.com/rooms/1493037415060630154,https://www.vrbo.com/5136410,https://casago.com/rentals/1014607,,,open,
medium,Palm Paradise Villa,PalmSprings,,No COPS account/bank ID,Add the COPS account and bank IDs to the unit record.,,1050755,https://www.airbnb.com/rooms/990572980792550157,https://www.vrbo.com/5135577,https://casago.com/rentals/1013954,,,open,
medium,Palm Springs Area; 2 Suite Retreat,PalmSprings,,No COPS account/bank ID,Add the COPS account and bank IDs to the unit record.,,1051072,https://www.airbnb.com/rooms/1355705619223030673,https://www.vrbo.com/5136009,https://casago.com/rentals/1014261,,,open,
medium,Palm Springs Boho Bliss,PalmSprings,,No COPS account/bank ID,Add the COPS account and bank IDs to the unit record.,,1050745,https://www.airbnb.com/rooms/1604102583500612827,https://www.vrbo.com/5135563,https://casago.com/rentals/1013944,,,open,
medium,"Palm Springs Condo, Sunrise Villas",PalmSprings,,No COPS account/bank ID,Add the COPS account and bank IDs to the unit record.,,1050821,https://www.airbnb.com/rooms/1355705431277330537,https://www.vrbo.com/5135685,https://casago.com/rentals/1014018,,,open,
medium,Palm Springs Pool Home - 1063,PalmSprings,,"Active in KeyData, not renting in Streamline",Deactivate in KeyData — this is not a renting property.,non-renting in Streamline,1050544,,,,,,open,
medium,Palm Springs Sunrise Condo,PalmSprings,,No COPS account/bank ID,Add the COPS account and bank IDs to the unit record.,,1051245,https://www.airbnb.com/rooms/45688133,https://www.vrbo.com/5136195,https://casago.com/rentals/1014423,,,open,
medium,Palm Springs Villa,PalmSprings,,No COPS account/bank ID,Add the COPS account and bank IDs to the unit record.,,1051243,https://www.airbnb.com/rooms/1355705801355518552,https://www.vrbo.com/5136193,https://casago.com/rentals/1014421,,,open,
medium,Panoramic Southridge Views Condo,PalmSprings,,No COPS account/bank ID,Add the COPS account and bank IDs to the unit record.,,1051033,https://www.airbnb.com/rooms/47907747,https://www.vrbo.com/5135971,https://casago.com/rentals/1014226,,,open,
medium,Paradise,PalmSprings,,No COPS account/bank ID,Add the COPS account and bank IDs to the unit record.,,1051129,https://www.airbnb.com/rooms/1604093751178901054,https://www.vrbo.com/5136072,https://casago.com/rentals/1014313,,,open,
medium,Paradise Views Townhome,PalmSprings,,No COPS account/bank ID,Add the COPS account and bank IDs to the unit record.,,1050604,https://www.airbnb.com/rooms/48212077,https://www.vrbo.com/5135378,,,,open,
medium,Pasada Dreams,PalmSprings,,No COPS account/bank ID,Add the COPS account and bank IDs to the unit record.,,1050543,https://www.airbnb.com/rooms/1355705781523765643,https://www.vrbo.com/5135307,https://casago.com/rentals/1013748,,,open,
medium,Pebble Beach Haven,PalmSprings,,No COPS account/bank ID,Add the COPS account and bank IDs to the unit record.,,1050608,https://www.airbnb.com/rooms/1604070598248518839,https://www.vrbo.com/5135383,https://casago.com/rentals/1013811,,,open,
medium,Play and Stay Sanctuary,PalmSprings,,Stage says Live but unit is Non-Renting,"Reconcile the two fields: either set the unit back to Renting, or change Property Stage off Live.","Property Stage = Live, Renting Type = Non-Renting",1093006,,,,,,open,
medium,Plush Pad Palm Springs - 2937,PalmSprings,,Stage says Live but unit is Non-Renting,"Reconcile the two fields: either set the unit back to Renting, or change Property Stage off Live.","Property Stage = Live, Renting Type = Non-Renting",1051341,,,,,,open,
medium,Poinciana Paradise,PalmSprings,,No COPS account/bank ID,Add the COPS account and bank IDs to the unit record.,,1050922,https://www.airbnb.com/rooms/1603772090906232062,https://www.vrbo.com/5135849,https://casago.com/rentals/1014118,,,open,
medium,Rancho Mirage Condo,PalmSprings,,No COPS account/bank ID,Add the COPS account and bank IDs to the unit record.,,1050877,https://www.airbnb.com/rooms/1603772425212559773,https://www.vrbo.com/5135784,https://casago.com/rentals/1014073,,,open,
medium,Rancho Mirage Golf Retreat,PalmSprings,,No COPS account/bank ID,Add the COPS account and bank IDs to the unit record.,,1050509,https://www.airbnb.com/rooms/28459422,https://www.vrbo.com/5135265,https://casago.com/rentals/1013714,,,open,
medium,Rancho Mirage Tamarisk Villa,PalmSprings,,Stage says Live but unit is Non-Renting,"Reconcile the two fields: either set the unit back to Renting, or change Property Stage off Live.","Property Stage = Live, Renting Type = Non-Renting",1050639,,,,,,open,
medium,Rancho Mirage Tamarisk Villa,PalmSprings,,"Active in KeyData, not renting in Streamline",Deactivate in KeyData — this is not a renting property.,non-renting in Streamline,1050639,,,,,,open,
medium,Rancho Mirage Vacation Villa,PalmSprings,,No COPS account/bank ID,Add the COPS account and bank IDs to the unit record.,,1050636,https://www.airbnb.com/rooms/28459507,https://www.vrbo.com/5135420,https://casago.com/rentals/1013838,,,open,
medium,Rancho Palm Paradise,PalmSprings,,Stage says Live but unit is Non-Renting,"Reconcile the two fields: either set the unit back to Renting, or change Property Stage off Live.","Property Stage = Live, Renting Type = Non-Renting",1051371,,,,,,open,
medium,Red Roof Retreat,PalmSprings,,No COPS account/bank ID,Add the COPS account and bank IDs to the unit record.,,1051069,https://www.airbnb.com/rooms/28459485,https://www.vrbo.com/5136004,https://casago.com/rentals/1014258,,,open,
medium,Ridgecrest Retreat,PalmSprings,,No COPS account/bank ID,Add the COPS account and bank IDs to the unit record.,,1051142,https://www.airbnb.com/rooms/1313119400651478156,https://www.vrbo.com/5136084,https://casago.com/rentals/1014325,,,open,
medium,Rio Del Sol Retreat,PalmSprings,,No COPS account/bank ID,Add the COPS account and bank IDs to the unit record.,,1051215,https://www.airbnb.com/rooms/1305339640356194267,https://www.vrbo.com/5136164,https://casago.com/rentals/1014394,,,open,
medium,Riviera Garden Villa,PalmSprings,,No COPS account/bank ID,Add the COPS account and bank IDs to the unit record.,,1051189,https://www.airbnb.com/rooms/28458940,https://www.vrbo.com/5136137,https://casago.com/rentals/1014369,,,open,
medium,Riviera Gardens,PalmSprings,,No COPS account/bank ID,Add the COPS account and bank IDs to the unit record.,,1050760,https://www.airbnb.com/rooms/1604099774499191458,https://www.vrbo.com/5135589,https://casago.com/rentals/1013959,,,open,
medium,Rolling Knoll Charm | 30-night minimum rental,PalmSprings,,No COPS account/bank ID,Add the COPS account and bank IDs to the unit record.,,1050647,https://www.airbnb.com/rooms/1603771705069718625,https://www.vrbo.com/5135433,https://casago.com/rentals/1013849,,,open,
medium,Royale Retreat,PalmSprings,,No COPS account/bank ID,Add the COPS account and bank IDs to the unit record.,,1050542,https://www.airbnb.com/rooms/1603771248931463959,https://www.vrbo.com/5135305,https://casago.com/rentals/1013747,,,open,
medium,Santa Rosa Villa,PalmSprings,,No COPS account/bank ID,Add the COPS account and bank IDs to the unit record.,,1051065,https://www.airbnb.com/rooms/1355705680986183143,https://www.vrbo.com/5136000,https://casago.com/rentals/1014254,,,open,
medium,Sawgrass Summer,PalmSprings,,No COPS account/bank ID,Add the COPS account and bank IDs to the unit record.,,1051310,https://www.airbnb.com/rooms/1603773171460546038,https://www.vrbo.com/5136255,https://casago.com/rentals/1014470,,,open,
medium,Serene On The Green,PalmSprings,,No COPS account/bank ID,Add the COPS account and bank IDs to the unit record.,,1051126,https://www.airbnb.com/rooms/1111772939857340029,https://www.vrbo.com/5136067,https://casago.com/rentals/1014310,,,open,
medium,Serenity Sands,PalmSprings,,No COPS account/bank ID,Add the COPS account and bank IDs to the unit record.,,1051357,https://www.airbnb.com/rooms/1495932698871782619,https://www.vrbo.com/5136302,https://casago.com/rentals/1014509,,,open,
medium,Serenity at Desert Princess,PalmSprings,,No COPS account/bank ID,Add the COPS account and bank IDs to the unit record.,,1051394,https://www.airbnb.com/rooms/1590054498388074260,https://www.vrbo.com/5136338,https://casago.com/rentals/1014542,,,open,
medium,Sol Suave,PalmSprings,,No COPS account/bank ID,Add the COPS account and bank IDs to the unit record.,,1051261,https://www.airbnb.com/rooms/1355302080888587301,https://www.vrbo.com/5136214,https://casago.com/rentals/1014437,,,open,
medium,South Palm Desert Paradise,PalmSprings,,No COPS account/bank ID,Add the COPS account and bank IDs to the unit record.,,1050994,https://www.airbnb.com/rooms/1355706308452158936,https://www.vrbo.com/5135927,https://casago.com/rentals/1014188,,,open,
medium,Spring into Oasis - 44022 - 7 Night Minimum,PalmSprings,,"Active in KeyData, not renting in Streamline",Deactivate in KeyData — this is not a renting property.,non-renting in Streamline,1050911,,,,,,open,
medium,Summit Glow,PalmSprings,,No COPS account/bank ID,Add the COPS account and bank IDs to the unit record.,,1050982,https://www.airbnb.com/rooms/1422655402433936988,https://www.vrbo.com/5135915,https://casago.com/rentals/1014177,,,open,
medium,Sun and Games - 64512,PalmSprings,,Stage says Live but unit is Non-Renting,"Reconcile the two fields: either set the unit back to Renting, or change Property Stage off Live.","Property Stage = Live, Renting Type = Non-Renting",1050876,,,,,,open,
medium,Sundance Retreat,PalmSprings,,No COPS account/bank ID,Add the COPS account and bank IDs to the unit record.,,1056212,https://www.airbnb.com/rooms/1500952539379378511,https://www.vrbo.com/5136399,https://casago.com/rentals/1014595,,,open,
medium,Sunny Delight,PalmSprings,,No COPS account/bank ID,Add the COPS account and bank IDs to the unit record.,,1051212,https://www.airbnb.com/rooms/24185127,https://www.vrbo.com/5136160,https://casago.com/rentals/1014391,,,open,
medium,Sunny Escape,PalmSprings,,No COPS account/bank ID,Add the COPS account and bank IDs to the unit record.,,1050782,https://www.airbnb.com/rooms/1513083771560019102,https://www.vrbo.com/5135625,https://casago.com/rentals/1013980,,,open,
medium,Sunrise Palms Paradise,PalmSprings,,No COPS account/bank ID,Add the COPS account and bank IDs to the unit record.,,1051271,https://www.airbnb.com/rooms/1604103385828489891,https://www.vrbo.com/5136221,https://casago.com/rentals/1014442,,,open,
medium,Sunset Palms Villa,PalmSprings,,No COPS account/bank ID,Add the COPS account and bank IDs to the unit record.,,1050619,https://www.airbnb.com/rooms/1355705437981959021,https://www.vrbo.com/5135400,https://casago.com/rentals/1013822,,,open,
medium,Sunshine On My Shoulders,PalmSprings,,No COPS account/bank ID,Add the COPS account and bank IDs to the unit record.,,1050679,https://www.airbnb.com/rooms/1604088501602076405,https://www.vrbo.com/5135468,https://casago.com/rentals/1013880,,,open,
medium,Tennis on El Paseo at Sandroc,PalmSprings,,No COPS account/bank ID,Add the COPS account and bank IDs to the unit record.,,1050786,https://www.airbnb.com/rooms/47907745,https://www.vrbo.com/5135629,https://casago.com/rentals/1013984,,,open,
medium,The Bev Palm Springs - 3591,PalmSprings,,Stage says Live but unit is Non-Renting,"Reconcile the two fields: either set the unit back to Renting, or change Property Stage off Live.","Property Stage = Live, Renting Type = Non-Renting",1050929,,,,,,open,
medium,The Brio Palm Springs,PalmSprings,,No COPS account/bank ID,Add the COPS account and bank IDs to the unit record.,,1051233,https://www.airbnb.com/rooms/1355705519982719158,https://www.vrbo.com/5136183,https://casago.com/rentals/1014411,,,open,
medium,The Burton Estate - 3992,PalmSprings,,Stage says Live but unit is Non-Renting,"Reconcile the two fields: either set the unit back to Renting, or change Property Stage off Live.","Property Stage = Live, Renting Type = Non-Renting",1050910,,,,,,open,
medium,The Burton Estate - 3992,PalmSprings,,"Active in KeyData, not renting in Streamline",Deactivate in KeyData — this is not a renting property.,non-renting in Streamline,1050910,,,,,,open,
medium,The Charming Palm Escape,PalmSprings,,No COPS account/bank ID,Add the COPS account and bank IDs to the unit record.,,1051002,https://www.airbnb.com/rooms/1472512682042209367,https://www.vrbo.com/5135937,https://casago.com/rentals/1014195,,,open,
medium,The Desert Lounge,PalmSprings,,No COPS account/bank ID,Add the COPS account and bank IDs to the unit record.,,1050768,https://www.airbnb.com/rooms/1521166548041436016,https://www.vrbo.com/5135599,https://casago.com/rentals/1013966,,,open,
medium,The Desert Nest,PalmSprings,,No COPS account/bank ID,Add the COPS account and bank IDs to the unit record.,,1050513,https://www.airbnb.com/rooms/1455818267054522324,https://www.vrbo.com/5135271,https://casago.com/rentals/1013718,,,open,
medium,The Fairway Escape,PalmSprings,,No COPS account/bank ID,Add the COPS account and bank IDs to the unit record.,,1050977,https://www.airbnb.com/rooms/1363733938682063311,https://www.vrbo.com/5135910,https://casago.com/rentals/1014172,,,open,
medium,The Fairway Palm Springs,PalmSprings,,No COPS account/bank ID,Add the COPS account and bank IDs to the unit record.,,1121121,https://www.airbnb.com/rooms/1742100541455921032,,https://casago.com/rental/1121121.html,,,open,
medium,The Gem of Palm Desert,PalmSprings,,No COPS account/bank ID,Add the COPS account and bank IDs to the unit record.,,1050991,https://www.airbnb.com/rooms/1604095345391747888,https://www.vrbo.com/5135924,https://casago.com/rentals/1014185,,,open,
medium,The Palm Villa,PalmSprings,,No COPS account/bank ID,Add the COPS account and bank IDs to the unit record.,,1050597,https://www.airbnb.com/rooms/1603772283041478289,https://www.vrbo.com/5135371,https://casago.com/rentals/1013801,,,open,
medium,The Palm and Citrus - 2135,PalmSprings,,Stage says Live but unit is Non-Renting,"Reconcile the two fields: either set the unit back to Renting, or change Property Stage off Live.","Property Stage = Live, Renting Type = Non-Renting",1050999,,,,,,open,
medium,The Rancho Mirage Escape,PalmSprings,,No COPS account/bank ID,Add the COPS account and bank IDs to the unit record.,,1050626,https://www.airbnb.com/rooms/1546536311467530672,https://www.vrbo.com/5135408,https://casago.com/rentals/1013829,,,open,
medium,The Royal Hawaiian,PalmSprings,,No COPS account/bank ID,Add the COPS account and bank IDs to the unit record.,,1051055,https://www.airbnb.com/rooms/48212098,https://www.vrbo.com/5135992,https://casago.com/rentals/1014246,,,open,
medium,The Sunscape Retreat,PalmSprings,,Stage says Live but unit is Non-Renting,"Reconcile the two fields: either set the unit back to Renting, or change Property Stage off Live.","Property Stage = Live, Renting Type = Non-Renting",1050699,,,,,,open,
medium,Top of the Cove,PalmSprings,,No COPS account/bank ID,Add the COPS account and bank IDs to the unit record.,,1092956,https://www.airbnb.com/rooms/858842018252379560,https://www.vrbo.com/9810870ha,https://www.casagosocal.com/vacation-rentals/coachella-valley/cathedral-city/top-of-the-cove,,,open,
medium,Toucan Sands,PalmSprings,,No COPS account/bank ID,Add the COPS account and bank IDs to the unit record.,,1050736,https://www.airbnb.com/rooms/1355705859079274138,https://www.vrbo.com/5135550,https://casago.com/rentals/1013935,,,open,
medium,Tranquil Oasis - 69036,PalmSprings,,Stage says Live but unit is Non-Renting,"Reconcile the two fields: either set the unit back to Renting, or change Property Stage off Live.","Property Stage = Live, Renting Type = Non-Renting",1050772,,,,,,open,
medium,Tranquil Times,PalmSprings,,No COPS account/bank ID,Add the COPS account and bank IDs to the unit record.,,1051146,https://www.airbnb.com/rooms/48212092,https://www.vrbo.com/5136089,https://casago.com/rentals/1014328,,,open,
medium,Twin Palms Modern,PalmSprings,,No COPS account/bank ID,Add the COPS account and bank IDs to the unit record.,,1051001,https://www.airbnb.com/rooms/48212079,https://www.vrbo.com/5135936,https://casago.com/rentals/1014194,,,open,
medium,Versailles Vista,PalmSprings,,No COPS account/bank ID,Add the COPS account and bank IDs to the unit record.,,1051366,https://www.airbnb.com/rooms/1389802090764031934,https://www.vrbo.com/5136312,https://casago.com/rentals/1014517,,,open,
medium,Villa Agav-eh,PalmSprings,,No COPS account/bank ID,Add the COPS account and bank IDs to the unit record.,,1050984,https://www.airbnb.com/rooms/1604096126974447150,https://www.vrbo.com/5135917,https://casago.com/rentals/1014179,,,open,
medium,Villorrio Surprise,PalmSprings,,No COPS account/bank ID,Add the COPS account and bank IDs to the unit record.,,1092932,https://www.airbnb.com/rooms/828243470944917194,https://www.vrbo.com/9791941ha,https://casago.com/rental/1092932.html,,,open,
medium,Vista Luxe Retreat,PalmSprings,,No COPS account/bank ID,Add the COPS account and bank IDs to the unit record.,,1093004,https://www.airbnb.com/rooms/1339829001181862056,https://www.vrbo.com/20103371ha,https://casago.com/rental/1093004.html,,,open,
medium,Vista Moderne,PalmSprings,,No COPS account/bank ID,Add the COPS account and bank IDs to the unit record.,,1051167,https://www.airbnb.com/rooms/1360084267660213806,https://www.vrbo.com/5136112,https://casago.com/rentals/1014347,,,open,
medium,Vista Palm - 69170,PalmSprings,,Stage says Live but unit is Non-Renting,"Reconcile the two fields: either set the unit back to Renting, or change Property Stage off Live.","Property Stage = Live, Renting Type = Non-Renting",1050758,,,,,,open,
medium,Vista Views Condo,PalmSprings,,No COPS account/bank ID,Add the COPS account and bank IDs to the unit record.,,1050797,https://www.airbnb.com/rooms/32362547,https://www.vrbo.com/5135644,https://casago.com/rentals/1013994,,,open,
medium,Whitehawk At Palm Desert,PalmSprings,,No COPS account/bank ID,Add the COPS account and bank IDs to the unit record.,,1050980,https://www.airbnb.com/rooms/1355705840318921124,https://www.vrbo.com/5135913,https://casago.com/rentals/1014175,,,open,
medium,Camelback Casa,Phoenix,,Stage says Live but unit is Non-Renting,"Reconcile the two fields: either set the unit back to Renting, or change Property Stage off Live.","Property Stage = Live, Renting Type = Non-Renting",1050738,,,,,,open,
medium,Camelback Courtyard,Phoenix,,Stage says Live but unit is Non-Renting,"Reconcile the two fields: either set the unit back to Renting, or change Property Stage off Live.","Property Stage = Live, Renting Type = Non-Renting",1050972,,,,,,open,
medium,Camelback Courtyard,Phoenix,,"Active in KeyData, not renting in Streamline",Deactivate in KeyData — this is not a renting property.,non-renting in Streamline,1050972,,,,,,open,
medium,Cardinal Comfort,Phoenix,,Stage says Live but unit is Non-Renting,"Reconcile the two fields: either set the unit back to Renting, or change Property Stage off Live.","Property Stage = Live, Renting Type = Non-Renting",1051041,,,,,,open,
medium,Cardinal Comfort,Phoenix,,"Active in KeyData, not renting in Streamline",Deactivate in KeyData — this is not a renting property.,non-renting in Streamline,1051041,,,,,,open,
medium,Chandler's Hidden Gem,Phoenix,,Stage says Live but unit is Non-Renting,"Reconcile the two fields: either set the unit back to Renting, or change Property Stage off Live.","Property Stage = Live, Renting Type = Non-Renting",1051291,,,,,,open,
medium,Charming Hideaway,Phoenix,,Stage says Live but unit is Non-Renting,"Reconcile the two fields: either set the unit back to Renting, or change Property Stage off Live.","Property Stage = Live, Renting Type = Non-Renting",1050993,,,,,,open,
medium,Chic Cactus,Phoenix,,Stage says Live but unit is Non-Renting,"Reconcile the two fields: either set the unit back to Renting, or change Property Stage off Live.","Property Stage = Live, Renting Type = Non-Renting",1051354,,,,,,open,
medium,Chic Desert Retreat,Phoenix,,Stage says Live but unit is Non-Renting,"Reconcile the two fields: either set the unit back to Renting, or change Property Stage off Live.","Property Stage = Live, Renting Type = Non-Renting",1051115,,,,,,open,
medium,Cozy Casa on Coronado,Phoenix,,Stage says Live but unit is Non-Renting,"Reconcile the two fields: either set the unit back to Renting, or change Property Stage off Live.","Property Stage = Live, Renting Type = Non-Renting",1051124,,,,,,open,
medium,Delightful Dream,Phoenix,,Stage says Live but unit is Non-Renting,"Reconcile the two fields: either set the unit back to Renting, or change Property Stage off Live.","Property Stage = Live, Renting Type = Non-Renting",1051093,,,,,,open,
medium,Fashion Bungalow,Phoenix,,Stage says Live but unit is Non-Renting,"Reconcile the two fields: either set the unit back to Renting, or change Property Stage off Live.","Property Stage = Live, Renting Type = Non-Renting",1039461,,,,,,open,
medium,Fashion Bungalow,Phoenix,,"Active in KeyData, not renting in Streamline",Deactivate in KeyData — this is not a renting property.,non-renting in Streamline,1039461,,,,,,open,
medium,Nestled on Nielson,Phoenix,,Stage says Live but unit is Non-Renting,"Reconcile the two fields: either set the unit back to Renting, or change Property Stage off Live.","Property Stage = Live, Renting Type = Non-Renting",1051290,,,,,,open,
medium,Nighthawk,Phoenix,,"In Wazzi Data, not in Streamline",Remove or archive the stale Wazzi Data record.,,1039361,,,,,,open,
medium,On Tempe Time,Phoenix,,"In Wazzi Data, not in Streamline",Remove or archive the stale Wazzi Data record.,,1050449,,,,,,open,
medium,Peoria Magic,Phoenix,,Stage says Live but unit is Non-Renting,"Reconcile the two fields: either set the unit back to Renting, or change Property Stage off Live.","Property Stage = Live, Renting Type = Non-Renting",1050773,,,,,,open,
medium,Plant Your Feet,Phoenix,,Stage says Live but unit is Non-Renting,"Reconcile the two fields: either set the unit back to Renting, or change Property Stage off Live.","Property Stage = Live, Renting Type = Non-Renting",1050529,,,,,,open,
medium,Poolside at Palm Ridge,Phoenix,,Stage says Live but unit is Non-Renting,"Reconcile the two fields: either set the unit back to Renting, or change Property Stage off Live.","Property Stage = Live, Renting Type = Non-Renting",1039381,,,,,,open,
medium,Power Play House,Phoenix,,Stage says Live but unit is Non-Renting,"Reconcile the two fields: either set the unit back to Renting, or change Property Stage off Live.","Property Stage = Live, Renting Type = Non-Renting",1050907,,,,,,open,
medium,Regency Luxe Getaway,Phoenix,,Stage says Live but unit is Non-Renting,"Reconcile the two fields: either set the unit back to Renting, or change Property Stage off Live.","Property Stage = Live, Renting Type = Non-Renting",1050834,,,,,,open,
medium,Sonoma Vibes,Phoenix,,"In Wazzi Data, not in Streamline",Remove or archive the stale Wazzi Data record.,,1078458,,,,,,open,
medium,Sunscape Unwind,Phoenix,,Stage says Live but unit is Non-Renting,"Reconcile the two fields: either set the unit back to Renting, or change Property Stage off Live.","Property Stage = Live, Renting Type = Non-Renting",1039414,,,,,,open,
medium,Sunset Ridge Escape,Phoenix,,"In Wazzi Data, not in Streamline",Remove or archive the stale Wazzi Data record.,,1039438,,,,,,open,
medium,The Marvelous Maya,Phoenix,,Stage says Live but unit is Non-Renting,"Reconcile the two fields: either set the unit back to Renting, or change Property Stage off Live.","Property Stage = Live, Renting Type = Non-Renting",1039346,,,,,,open,
medium,Modern Mountain Luxury Retreat,PineTop,,Stage says Live but unit is Non-Renting,"Reconcile the two fields: either set the unit back to Renting, or change Property Stage off Live.","Property Stage = Live, Renting Type = Non-Renting",1051048,,,,,,open,
medium,Modern Pine Sanctuary,PineTop,,Stage says Live but unit is Non-Renting,"Reconcile the two fields: either set the unit back to Renting, or change Property Stage off Live.","Property Stage = Live, Renting Type = Non-Renting",1050627,,,,,,open,
medium,Ridgetop Retreat - Unit A9,PineTop,,Stage says Live but unit is Non-Renting,"Reconcile the two fields: either set the unit back to Renting, or change Property Stage off Live.","Property Stage = Live, Renting Type = Non-Renting",1051288,,,,,,open,
medium,Creekside Casa,Sedona,,Stage says Live but unit is Non-Renting,"Reconcile the two fields: either set the unit back to Renting, or change Property Stage off Live.","Property Stage = Live, Renting Type = Non-Renting",1051280,,,,,,open,
medium,Creekside Casa & Casita,Sedona,,Stage says Live but unit is Non-Renting,"Reconcile the two fields: either set the unit back to Renting, or change Property Stage off Live.","Property Stage = Live, Renting Type = Non-Renting",1050733,,,,,,open,
medium,Creekside Casita,Sedona,,Stage says Live but unit is Non-Renting,"Reconcile the two fields: either set the unit back to Renting, or change Property Stage off Live.","Property Stage = Live, Renting Type = Non-Renting",1050558,,,,,,open,
medium,My Green Acres,Sedona,,Stage says Live but unit is Non-Renting,"Reconcile the two fields: either set the unit back to Renting, or change Property Stage off Live.","Property Stage = Live, Renting Type = Non-Renting",1039456,,,,,,open,
medium,Oak Creek Estados Holiday Condo,Sedona,,Stage says Live but unit is Non-Renting,"Reconcile the two fields: either set the unit back to Renting, or change Property Stage off Live.","Property Stage = Live, Renting Type = Non-Renting",1050678,,,,,,open,
medium,Camino Los Mochis,Tucson,,Stage says Live but unit is Non-Renting,"Reconcile the two fields: either set the unit back to Renting, or change Property Stage off Live.","Property Stage = Live, Renting Type = Non-Renting",1051082,,,,,,open,
medium,Desert Abode,Tucson,,Stage says Live but unit is Non-Renting,"Reconcile the two fields: either set the unit back to Renting, or change Property Stage off Live.","Property Stage = Live, Renting Type = Non-Renting",1050674,,,,,,open,
medium,Desert Abode,Tucson,,"Active in KeyData, not renting in Streamline",Deactivate in KeyData — this is not a renting property.,non-renting in Streamline,1050674,,,,,,open,
medium,Desert Breeze Getaway,Tucson,,Stage says Live but unit is Non-Renting,"Reconcile the two fields: either set the unit back to Renting, or change Property Stage off Live.","Property Stage = Live, Renting Type = Non-Renting",1050596,,,,,,open,
medium,Desert Serenity at Walker Ranch,Tucson,,Stage says Live but unit is Non-Renting,"Reconcile the two fields: either set the unit back to Renting, or change Property Stage off Live.","Property Stage = Live, Renting Type = Non-Renting",1050731,,,,,,open,
medium,Mission Oasis,Tucson,,Stage says Live but unit is Non-Renting,"Reconcile the two fields: either set the unit back to Renting, or change Property Stage off Live.","Property Stage = Live, Renting Type = Non-Renting",1050710,,,,,,open,
medium,Placita Escondida #104,Tucson,,Stage says Live but unit is Non-Renting,"Reconcile the two fields: either set the unit back to Renting, or change Property Stage off Live.","Property Stage = Live, Renting Type = Non-Renting",1050700,,,,,,open,
medium,Sundance in the Foothills,Tucson,,Stage says Live but unit is Non-Renting,"Reconcile the two fields: either set the unit back to Renting, or change Property Stage off Live.","Property Stage = Live, Renting Type = Non-Renting",1050511,,,,,,open,
medium,Sundance in the Foothills,Tucson,,"Active in KeyData, not renting in Streamline",Deactivate in KeyData — this is not a renting property.,non-renting in Streamline,1050511,,,,,,open,
medium,Vistoso Preserve Casita  #226C,Tucson,,Stage says Live but unit is Non-Renting,"Reconcile the two fields: either set the unit back to Renting, or change Property Stage off Live.","Property Stage = Live, Renting Type = Non-Renting",1051045,,,,,,open,
low,San Moritz Lake House,(unassigned),,No Property Stage set,"Set Property Stage on the unit in Streamline. Until it is set, the audit has to assume the unit should be selling.",,1126958,https://www.airbnb.com/rooms/1719680217336202937,https://www.vrbo.com/5367265,https://www.casagosocal.com/vacation-rentals/lake-arrowhead/crestline/san-moritz-lake-house,,,open,
low,Jardon Cove,Central Coast,,No Property Stage set,"Set Property Stage on the unit in Streamline. Until it is set, the audit has to assume the unit should be selling.",,1101768,https://www.airbnb.com/rooms/1614437052100091659,https://www.vrbo.com/5294250,https://www.casagosocal.com/vacation-rentals/central-coast/santa-barbara/jardon-cove,,,open,
low,Julia Metelmann,Central Coast,,No Property Stage set,"Set Property Stage on the unit in Streamline. Until it is set, the audit has to assume the unit should be selling.",,1101646,https://www.airbnb.com/rooms/1613980874899797120,https://www.vrbo.com/5294004,https://www.casagosocal.com/vacation-rentals/central-coast/santa-barbara/julia-metelmann,,,open,
low,La Vida Riviera,Central Coast,,No Property Stage set,"Set Property Stage on the unit in Streamline. Until it is set, the audit has to assume the unit should be selling.",,1126683,https://www.airbnb.com/rooms/46401987,https://www.vrbo.com/2122223,https://casago.com/santa-barbara/la-vida-riviera/,,,open,
low,Lighthouse Way,Central Coast,,No Property Stage set,"Set Property Stage on the unit in Streamline. Until it is set, the audit has to assume the unit should be selling.",,1126698,https://www.airbnb.com/rooms/579092797280140666,https://www.vrbo.com/2703726,https://casago.com/santa-barbara/Lighthouse-Way,,,open,
low,Lillie by the Sea,Central Coast,,No Property Stage set,"Set Property Stage on the unit in Streamline. Until it is set, the audit has to assume the unit should be selling.",,1126677,https://www.airbnb.com/rooms/27931212,https://www.vrbo.com/1411037,https://casago.com/santa-barbara/lillie-by-the-sea/,,,open,
low,Lillie by the Sea - Guest House,Central Coast,,No Property Stage set,"Set Property Stage on the unit in Streamline. Until it is set, the audit has to assume the unit should be selling.",,1126676,,,https://casago.com/santa-barbara/lillie-by-the-sea,,,open,
low,Little Buoy,Central Coast,,No Property Stage set,"Set Property Stage on the unit in Streamline. Until it is set, the audit has to assume the unit should be selling.",,1126711,https://www.airbnb.com/rooms/1432904890196900410,https://www.vrbo.com/4619325,https://casago.com/rental/967561.html,,,open,
low,Magnolia Cottage,Central Coast,,No Property Stage set,"Set Property Stage on the unit in Streamline. Until it is set, the audit has to assume the unit should be selling.",,1126674,https://www.airbnb.com/rooms/42119229,https://www.vrbo.com/457726,https://casago.com/santa-barbara/magnolia-cottage,,,open,
low,Malyroma Del Mar,Central Coast,,No Property Stage set,"Set Property Stage on the unit in Streamline. Until it is set, the audit has to assume the unit should be selling.",,1101632,https://www.airbnb.com/rooms/1613980166729322473,https://www.vrbo.com/5293978,https://www.casagosocal.com/vacation-rentals/central-coast/cambria/malyroma-del-mar,,,open,
low,Oceanfront Delight,Central Coast,,No Property Stage set,"Set Property Stage on the unit in Streamline. Until it is set, the audit has to assume the unit should be selling.",,1101765,https://www.airbnb.com/rooms/1613981774618623352,https://www.vrbo.com/5294244,https://www.casagosocal.com/vacation-rentals/central-coast/cayucos/oceanfront-delight,,,open,
low,Oceanfront Dream,Central Coast,,No Property Stage set,"Set Property Stage on the unit in Streamline. Until it is set, the audit has to assume the unit should be selling.",,1101714,https://www.airbnb.com/rooms/1614487962501021924,https://www.vrbo.com/5294147,https://www.casagosocal.com/vacation-rentals/central-coast/cayucos/oceanfront-dream,,,open,
low,Oceanview Oasis at Monterey Dunes,Central Coast,,No Property Stage set,"Set Property Stage on the unit in Streamline. Until it is set, the audit has to assume the unit should be selling.",,1101725,https://www.airbnb.com/rooms/1688483982536358279,https://www.vrbo.com/5294170,https://www.casagosocal.com/vacation-rentals/central-coast/moss-landing/oceanview-oasis-at-monterey-dunes,,,open,
low,Old Yacht Club Inn,Central Coast,,No Property Stage set,"Set Property Stage on the unit in Streamline. Until it is set, the audit has to assume the unit should be selling.",,1101772,https://www.airbnb.com/rooms/1613980846550775334,https://www.vrbo.com/5294259,https://www.casagosocal.com/vacation-rentals/central-coast/santa-barbara/old-yacht-club-inn,,,open,
low,Olivia Oasis,Central Coast,,No Property Stage set,"Set Property Stage on the unit in Streamline. Until it is set, the audit has to assume the unit should be selling.",,1101734,https://www.airbnb.com/rooms/1613980071310956780,https://www.vrbo.com/5294186,https://www.casagosocal.com/vacation-rentals/central-coast/oxnard/olivia-oasis,,,open,
low,One Ocean,Central Coast,,No Property Stage set,"Set Property Stage on the unit in Streamline. Until it is set, the audit has to assume the unit should be selling.",,1101771,https://www.airbnb.com/rooms/1613981107064654285,https://www.vrbo.com/5294257,https://www.casagosocal.com/vacation-rentals/central-coast/carmel-by-the-sea/one-ocean,,,open,
low,Padaro Sands,Central Coast,,No Property Stage set,"Set Property Stage on the unit in Streamline. Until it is set, the audit has to assume the unit should be selling.",,1126672,https://www.airbnb.com/rooms/33399779,https://www.vrbo.com/333470,https://casago.com/santa-barbara/padaro-sands/,,,open,
low,Park Avenue Beach Life,Central Coast,,No Property Stage set,"Set Property Stage on the unit in Streamline. Until it is set, the audit has to assume the unit should be selling.",,1101733,https://www.airbnb.com/rooms/1613979982367752099,https://www.vrbo.com/5294184,https://www.casagosocal.com/vacation-rentals/central-coast/cayucos/park-avenue-beach-life,,,open,
low,Rustic Villa,Central Coast,,No Property Stage set,"Set Property Stage on the unit in Streamline. Until it is set, the audit has to assume the unit should be selling.",,1126714,https://www.airbnb.com/rooms/1513242356355320056,https://www.vrbo.com/4839962,https://casago.com/rental/983391.html,,,open,
low,SEAbbatical,Central Coast,,No Property Stage set,"Set Property Stage on the unit in Streamline. Until it is set, the audit has to assume the unit should be selling.",,1126709,https://www.airbnb.com/rooms/1272548379480292963,https://www.vrbo.com/4251827,https://casago.com/rental/910490.html,,,open,
low,Sailaway Cabin,Central Coast,,No Property Stage set,"Set Property Stage on the unit in Streamline. Until it is set, the audit has to assume the unit should be selling.",,1101744,https://www.airbnb.com/rooms/1613980590143218163,,https://www.casagosocal.com/vacation-rentals/central-coast/ventura/sailaway-cabin,,,open,
low,Sailaway Cabin A,Central Coast,,No Property Stage set,"Set Property Stage on the unit in Streamline. Until it is set, the audit has to assume the unit should be selling.",,1101728,https://www.airbnb.com/rooms/1613980534588867999,https://www.vrbo.com/5294176,https://www.casagosocal.com/vacation-rentals/central-coast/ventura/sailaway-cabin-a,,,open,
low,Sailaway Cabin B,Central Coast,,No Property Stage set,"Set Property Stage on the unit in Streamline. Until it is set, the audit has to assume the unit should be selling.",,1101752,https://www.airbnb.com/rooms/1613981077012891083,https://www.vrbo.com/5294217,https://www.casagosocal.com/vacation-rentals/central-coast/ventura/sailaway-cabin-b,,,open,
low,San Miguel,Central Coast,,No Property Stage set,"Set Property Stage on the unit in Streamline. Until it is set, the audit has to assume the unit should be selling.",,1101641,https://www.airbnb.com/rooms/1731468036930532433,https://www.vrbo.com/5293995,https://www.casagosocal.com/vacation-rentals/central-coast/santa-barbara/san-miguel,,,open,
low,Sand Side Bliss,Central Coast,,No Property Stage set,"Set Property Stage on the unit in Streamline. Until it is set, the audit has to assume the unit should be selling.",,1101637,https://www.airbnb.com/rooms/1613979918080038361,https://www.vrbo.com/5293988,https://www.casagosocal.com/vacation-rentals/central-coast/oxnard/sand-side-bliss,,,open,
low,Sandbox at Solimar Sands,Central Coast,,No Property Stage set,"Set Property Stage on the unit in Streamline. Until it is set, the audit has to assume the unit should be selling.",,1126705,https://www.airbnb.com/rooms/1135594583918320847,https://www.vrbo.com/3955149,https://casago.com/carpinteria/sandbox-at-solimar-sands/,,,open,
low,Sandcastle,Central Coast,,No Property Stage set,"Set Property Stage on the unit in Streamline. Until it is set, the audit has to assume the unit should be selling.",,1126701,https://www.airbnb.com/rooms/848696935793926307,https://www.vrbo.com/3304307,https://casago.com/carpinteria/sandcastle/,,,open,
low,Sandcastle by the Sea,Central Coast,,No Property Stage set,"Set Property Stage on the unit in Streamline. Until it is set, the audit has to assume the unit should be selling.",,1101721,https://www.airbnb.com/rooms/1613980649987733153,https://www.vrbo.com/5294162,https://www.casagosocal.com/vacation-rentals/central-coast/oxnard/sandcastle-by-the-sea,,,open,
low,Santa Barbara Beach Cottage,Central Coast,,No Property Stage set,"Set Property Stage on the unit in Streamline. Until it is set, the audit has to assume the unit should be selling.",,1101720,https://www.airbnb.com/rooms/1613981634915258562,https://www.vrbo.com/5294161,https://www.casagosocal.com/vacation-rentals/central-coast/santa-barbara/santa-barbara-beach-cottage,,,open,
low,Santa Cruz,Central Coast,,No Property Stage set,"Set Property Stage on the unit in Streamline. Until it is set, the audit has to assume the unit should be selling.",,1101644,https://www.airbnb.com/rooms/1613981506112832397,https://www.vrbo.com/5294000,https://www.casagosocal.com/vacation-rentals/central-coast/santa-barbara/santa-cruz,,,open,
low,Santa Rosa,Central Coast,,No Property Stage set,"Set Property Stage on the unit in Streamline. Until it is set, the audit has to assume the unit should be selling.",,1101723,https://www.airbnb.com/rooms/1613981356070463711,https://www.vrbo.com/5294167,https://www.casagosocal.com/vacation-rentals/central-coast/santa-barbara/santa-rosa,,,open,
low,Santo Tomas Getaway,Central Coast,,No Property Stage set,"Set Property Stage on the unit in Streamline. Until it is set, the audit has to assume the unit should be selling.",,1101626,https://www.airbnb.com/rooms/1613980620016530594,https://www.vrbo.com/5293967,https://www.casagosocal.com/vacation-rentals/central-coast/grover-beach/santo-tomas-getaway,,,open,
low,Savor the View,Central Coast,,No Property Stage set,"Set Property Stage on the unit in Streamline. Until it is set, the audit has to assume the unit should be selling.",,1101713,https://www.airbnb.com/rooms/1613981715593981880,https://www.vrbo.com/5294145,https://www.casagosocal.com/vacation-rentals/central-coast/oxnard/savor-the-view,,,open,
low,Seaside Getaway,Central Coast,,No Property Stage set,"Set Property Stage on the unit in Streamline. Until it is set, the audit has to assume the unit should be selling.",,1101712,https://www.airbnb.com/rooms/1613981414029946757,https://www.vrbo.com/5294141,https://www.casagosocal.com/vacation-rentals/central-coast/oxnard/seaside-getaway,,,open,
low,Seaside Retreat at Solimar Sands,Central Coast,,No Property Stage set,"Set Property Stage on the unit in Streamline. Until it is set, the audit has to assume the unit should be selling.",,1126679,https://www.airbnb.com/rooms/32700264,https://www.vrbo.com/1566778,https://casago.com/santa-barbara/seaside-retreat-at-solimar-sands/,,,open,
low,Seaspray at Anacapa View,Central Coast,,No Property Stage set,"Set Property Stage on the unit in Streamline. Until it is set, the audit has to assume the unit should be selling.",,1101701,https://www.airbnb.com/rooms/1613979950788689071,https://www.vrbo.com/5294119,https://www.casagosocal.com/vacation-rentals/central-coast/port-hueneme/seaspray-at-anacapa-view,,,open,
low,See Star Ranch,Central Coast,,No Property Stage set,"Set Property Stage on the unit in Streamline. Until it is set, the audit has to assume the unit should be selling.",,1101689,https://www.airbnb.com/rooms/1613980199239553863,https://www.vrbo.com/5294096,https://www.casagosocal.com/vacation-rentals/central-coast/nipomo/see-star-ranch,,,open,
low,Indian Palms Vacation Villa,Coachella,,No Property Stage set,"Set Property Stage on the unit in Streamline. Until it is set, the audit has to assume the unit should be selling.",,1050791,https://www.airbnb.com/rooms/22749509,https://www.vrbo.com/5135636,https://casago.com/rentals/1013988,,,open,
low,Indian Wells Elegance,Coachella,,No Property Stage set,"Set Property Stage on the unit in Streamline. Until it is set, the audit has to assume the unit should be selling.",,1051003,https://www.airbnb.com/rooms/1152838286486755024,https://www.vrbo.com/5135938,https://casago.com/rentals/1014196,,,open,
low,Indio Desert Diamond,Coachella,,No Property Stage set,"Set Property Stage on the unit in Streamline. Until it is set, the audit has to assume the unit should be selling.",,1050466,https://www.airbnb.com/rooms/1603771277657497047,https://www.vrbo.com/5135215,https://casago.com/rentals/1013671,,,open,
low,Indio Diamond,Coachella,,No Property Stage set,"Set Property Stage on the unit in Streamline. Until it is set, the audit has to assume the unit should be selling.",,1050965,https://www.airbnb.com/rooms/1604094749478911615,https://www.vrbo.com/5135897,https://casago.com/rentals/1014160,,,open,
low,Indio Retreat,Coachella,,No Property Stage set,"Set Property Stage on the unit in Streamline. Until it is set, the audit has to assume the unit should be selling.",,1051169,https://www.airbnb.com/rooms/1213165000650855421,https://www.vrbo.com/5136115,https://casago.com/rentals/1014349,,,open,
low,Jewel of the Desert - 259342,Coachella,,No Property Stage set,"Set Property Stage on the unit in Streamline. Until it is set, the audit has to assume the unit should be selling.",,1050841,https://www.airbnb.com/rooms/1603771599890347770,https://www.vrbo.com/5135721,https://casago.com/rentals/1014038,,,open,
low,La Casa Royale at Indian Wells,Coachella,,No Property Stage set,"Set Property Stage on the unit in Streamline. Until it is set, the audit has to assume the unit should be selling.",,1050697,https://www.airbnb.com/rooms/1566747241544853060,https://www.vrbo.com/5135491,https://casago.com/rentals/1013898,,,open,
low,La Quinta Cove Retreat,Coachella,,No Property Stage set,"Set Property Stage on the unit in Streamline. Until it is set, the audit has to assume the unit should be selling.",,1051321,https://www.airbnb.com/rooms/1015377448507555424,https://www.vrbo.com/5136264,https://casago.com/rentals/1014478,,,open,
low,La Quinta Fairways,Coachella,,No Property Stage set,"Set Property Stage on the unit in Streamline. Until it is set, the audit has to assume the unit should be selling.",,1051225,https://www.airbnb.com/rooms/1481960103766299569,https://www.vrbo.com/5136175,https://casago.com/rentals/1014404,,,open,
low,La Quinta Leisure - 260498,Coachella,,No Property Stage set,"Set Property Stage on the unit in Streamline. Until it is set, the audit has to assume the unit should be selling.",,1051220,https://www.airbnb.com/rooms/1126764025687424588,https://www.vrbo.com/5136169,https://casago.com/rentals/1014399,,,open,
low,La Quinta Mountain Escape,Coachella,,No Property Stage set,"Set Property Stage on the unit in Streamline. Until it is set, the audit has to assume the unit should be selling.",,1050752,https://www.airbnb.com/rooms/1715448894719517330,https://www.vrbo.com/5135573,https://casago.com/rentals/1013951,,,open,
low,La Quinta Resort Tennis Villa 14  #2469fiftyfour,Coachella,,No Property Stage set,"Set Property Stage on the unit in Streamline. Until it is set, the audit has to assume the unit should be selling.",,1050846,https://www.airbnb.com/rooms/1101437165315620919,https://www.vrbo.com/5135730,https://casago.com/rentals/1014042,,,open,
low,La Quinta Vacation Pool Home,Coachella,,No Property Stage set,"Set Property Stage on the unit in Streamline. Until it is set, the audit has to assume the unit should be selling.",,1050795,https://www.airbnb.com/rooms/22749493,https://www.vrbo.com/5135641,https://casago.com/rentals/1013992,,,open,
low,Lake of Dreams,Coachella,,No Property Stage set,"Set Property Stage on the unit in Streamline. Until it is set, the audit has to assume the unit should be selling.",,1077456,https://www.airbnb.com/rooms/1711700515496021237,https://www.vrbo.com/5298065,https://casago.com/phoenix/rental/1077456.html,,,open,
low,Lakeside Luxe at Palmilla,Coachella,,No Property Stage set,"Set Property Stage on the unit in Streamline. Until it is set, the audit has to assume the unit should be selling.",,1051367,https://www.airbnb.com/rooms/1533535261222775466,https://www.vrbo.com/5136313,https://casago.com/rentals/1014518,,,open,
low,Lakeview Retreat at PGA West,Coachella,,No Property Stage set,"Set Property Stage on the unit in Streamline. Until it is set, the audit has to assume the unit should be selling.",,1076377,https://www.airbnb.com/rooms/1648068600097272373,https://www.vrbo.com/5181318,https://casago.com/rentals/1017032/,,,open,
low,Life by the Palms,Coachella,,No Property Stage set,"Set Property Stage on the unit in Streamline. Until it is set, the audit has to assume the unit should be selling.",,1050968,https://www.airbnb.com/rooms/1604094584989560229,https://www.vrbo.com/5135900,https://casago.com/rentals/1014163,,,open,
low,Lovely La Quinta - 66318,Coachella,,No Property Stage set,"Set Property Stage on the unit in Streamline. Until it is set, the audit has to assume the unit should be selling.",,1051222,https://www.airbnb.com/rooms/1603772123229791697,https://www.vrbo.com/5136171,https://casago.com/rentals/1014400,,,open,
low,Luxury Desert Oasis,Coachella,,No Property Stage set,"Set Property Stage on the unit in Streamline. Until it is set, the audit has to assume the unit should be selling.",,1051255,https://www.airbnb.com/rooms/1355706070916954513,https://www.vrbo.com/5136207,https://casago.com/rentals/1014433,,,open,
low,Luxury Estate in Indian Wells Country Club,Coachella,,No Property Stage set,"Set Property Stage on the unit in Streamline. Until it is set, the audit has to assume the unit should be selling.",,1051096,https://www.airbnb.com/rooms/1355706825290052248,https://www.vrbo.com/5136040,https://casago.com/rentals/1014285,,,open,
low,Oasis on the Green,Coachella,,No Property Stage set,"Set Property Stage on the unit in Streamline. Until it is set, the audit has to assume the unit should be selling.",,1051198,https://www.airbnb.com/rooms/1374579729330896745,https://www.vrbo.com/5136146,https://casago.com/rentals/1014377,,,open,
low,PGA West Fairways For Days,Coachella,,No Property Stage set,"Set Property Stage on the unit in Streamline. Until it is set, the audit has to assume the unit should be selling.",,1051068,https://www.airbnb.com/rooms/1604304433766749405,https://www.vrbo.com/5136003,https://casago.com/rentals/1014257,,,open,
low,Palm Oasis,Coachella,,No Property Stage set,"Set Property Stage on the unit in Streamline. Until it is set, the audit has to assume the unit should be selling.",,1050949,https://www.airbnb.com/rooms/1470433962203269165,https://www.vrbo.com/5135880,https://casago.com/rentals/1014144,,,open,
low,Saguaro Gardens Desert Retreat,Coachella,,No Property Stage set,"Set Property Stage on the unit in Streamline. Until it is set, the audit has to assume the unit should be selling.",,1050919,https://www.airbnb.com/rooms/1604077883441709641,https://www.vrbo.com/5135845,https://casago.com/rentals/1014115,,,open,
low,Santa Rosa Cove Golf Getaway,Coachella,,No Property Stage set,"Set Property Stage on the unit in Streamline. Until it is set, the audit has to assume the unit should be selling.",,1050942,https://www.airbnb.com/rooms/1355705441073721757,https://www.vrbo.com/5135871,https://casago.com/rentals/1014137,,,open,
low,Shoal Creek Fun,Coachella,,No Property Stage set,"Set Property Stage on the unit in Streamline. Until it is set, the audit has to assume the unit should be selling.",,1050870,https://www.airbnb.com/rooms/1603771864022091174,https://www.vrbo.com/5135773,https://casago.com/rentals/1014066,,,open,
low,Shoal Creek Manor,Coachella,,No Property Stage set,"Set Property Stage on the unit in Streamline. Until it is set, the audit has to assume the unit should be selling.",,1050878,https://www.airbnb.com/rooms/1603773206008048437,https://www.vrbo.com/5135786,https://casago.com/rentals/1014074,,,open,
low,Snowbird Oasis - Festival Escape,Coachella,,No Property Stage set,"Set Property Stage on the unit in Streamline. Until it is set, the audit has to assume the unit should be selling.",,1050931,https://www.airbnb.com/rooms/1604094215054018142,https://www.vrbo.com/5135859,https://casago.com/rentals/1014127,,,open,
low,Kachina Village,Flagstaff,,No Property Stage set,"Set Property Stage on the unit in Streamline. Until it is set, the audit has to assume the unit should be selling.",,1050766,https://www.airbnb.com/rooms/1612341416974457261,https://www.vrbo.com/5135595,https://casago.com/rentals/1013964,,,open,
low,Luxury on Lynette,Flagstaff,,No Property Stage set,"Set Property Stage on the unit in Streamline. Until it is set, the audit has to assume the unit should be selling.",,1050747,https://www.airbnb.com/rooms/1612337777399844540,https://www.vrbo.com/5135566,https://casago.com/rentals/1013946,,,open,
low,Sandstone Way,Flagstaff,,No Property Stage set,"Set Property Stage on the unit in Streamline. Until it is set, the audit has to assume the unit should be selling.",,1051391,https://www.airbnb.com/rooms/1612342318641472053,https://www.vrbo.com/5136335,https://casago.com/rentals/1014539,,,open,
low,Joshua Tree Casa Leon,HighDesert,,No Property Stage set,"Set Property Stage on the unit in Streamline. Until it is set, the audit has to assume the unit should be selling.",,1051037,https://www.airbnb.com/rooms/1603817867814570059,https://www.vrbo.com/5135975,https://casago.com/rentals/1014230,,,open,
low,Lily Haus,IdyllwildTemecula,,No Property Stage set,"Set Property Stage on the unit in Streamline. Until it is set, the audit has to assume the unit should be selling.",,1050814,https://www.airbnb.com/rooms/1612364838029926733,https://www.vrbo.com/5135673,https://casago.com/rentals/1014011,,,open,
low,San Jacinto Lodge,IdyllwildTemecula,,No Property Stage set,"Set Property Stage on the unit in Streamline. Until it is set, the audit has to assume the unit should be selling.",,1051095,https://www.airbnb.com/rooms/1612364400254944292,https://www.vrbo.com/5136038,https://casago.com/rentals/1014284,,,open,
low,Jackalope Lodge,Lake Arrowhead,,No Property Stage set,"Set Property Stage on the unit in Streamline. Until it is set, the audit has to assume the unit should be selling.",,1101653,https://www.airbnb.com/rooms/1688482724357709491,https://www.vrbo.com/5294018,https://www.casagosocal.com/vacation-rentals/lake-arrowhead/lake-arrowhead/jackalope-lodge,,,open,
low,Kings Lodge,Lake Arrowhead,,No Property Stage set,"Set Property Stage on the unit in Streamline. Until it is set, the audit has to assume the unit should be selling.",,1120996,https://www.airbnb.com/rooms/1715499403613190422,https://www.vrbo.com/5314758,https://www.casagosocal.com/vacation-rentals/lake-arrowhead/lake-arrowhead/kings-lodge,,,open,
low,Lake Gregory Escape,Lake Arrowhead,,No Property Stage set,"Set Property Stage on the unit in Streamline. Until it is set, the audit has to assume the unit should be selling.",,1101816,https://www.airbnb.com/rooms/1688482285092808474,https://www.vrbo.com/5294349,https://www.casagosocal.com/vacation-rentals/lake-arrowhead/crestline/lake-gregory-escape,,,open,
low,Lake View Magic,Lake Arrowhead,,No Property Stage set,"Set Property Stage on the unit in Streamline. Until it is set, the audit has to assume the unit should be selling.",,1101801,https://www.airbnb.com/rooms/1688480668295044685,https://www.vrbo.com/5294318,https://www.casagosocal.com/vacation-rentals/lake-arrowhead/crestline/lake-view-magic,,,open,
low,Lakeside Serenity,Lake Arrowhead,,No Property Stage set,"Set Property Stage on the unit in Streamline. Until it is set, the audit has to assume the unit should be selling.",,1101807,https://www.airbnb.com/rooms/1688484096902326917,https://www.vrbo.com/5294329,https://www.casagosocal.com/vacation-rentals/lake-arrowhead/crestline/lakeside-serenity,,,open,
low,Matterhorn Woods,Lake Arrowhead,,No Property Stage set,"Set Property Stage on the unit in Streamline. Until it is set, the audit has to assume the unit should be selling.",,1101754,https://www.airbnb.com/rooms/1688482927082768585,https://www.vrbo.com/5294220,https://www.casagosocal.com/vacation-rentals/lake-arrowhead/lake-arrowhead/matterhorn-woods,,,open,
low,Owl Nest,Lake Arrowhead,,No Property Stage set,"Set Property Stage on the unit in Streamline. Until it is set, the audit has to assume the unit should be selling.",,1101831,https://www.airbnb.com/rooms/1688485674564942361,https://www.vrbo.com/5294380,https://www.casagosocal.com/vacation-rentals/lake-arrowhead/running-springs/owl-nest,,,open,
low,Paradise in the Palisades,Lake Arrowhead,,No Property Stage set,"Set Property Stage on the unit in Streamline. Until it is set, the audit has to assume the unit should be selling.",,1101638,https://www.airbnb.com/rooms/1688484226027932033,https://www.vrbo.com/5293989,https://www.casagosocal.com/vacation-rentals/lake-arrowhead/lake-arrowhead/paradise-in-the-palisades,,,open,
low,Running Springs R-n-R,Lake Arrowhead,,No Property Stage set,"Set Property Stage on the unit in Streamline. Until it is set, the audit has to assume the unit should be selling.",,1101820,https://www.airbnb.com/rooms/1688484886026025720,https://www.vrbo.com/5294357,https://www.casagosocal.com/vacation-rentals/lake-arrowhead/running-springs/running-springs-rnr,,,open,
low,Saint Bernard Beauty,Lake Arrowhead,,No Property Stage set,"Set Property Stage on the unit in Streamline. Until it is set, the audit has to assume the unit should be selling.",,1101650,https://www.airbnb.com/rooms/1688482993792833214,https://www.vrbo.com/5294012,https://www.casagosocal.com/vacation-rentals/lake-arrowhead/lake-arrowhead/saint-bernard-beauty,,,open,
low,Sequoia Serenity,Lake Arrowhead,,No Property Stage set,"Set Property Stage on the unit in Streamline. Until it is set, the audit has to assume the unit should be selling.",,1101830,https://www.airbnb.com/rooms/1688485611233685311,https://www.vrbo.com/5294378,https://www.casagosocal.com/vacation-rentals/lake-arrowhead/lake-arrowhead/sequoia-serenity,,,open,
low,Serene Cabin,Lake Arrowhead,,No Property Stage set,"Set Property Stage on the unit in Streamline. Until it is set, the audit has to assume the unit should be selling.",,1101819,https://www.airbnb.com/rooms/1688482044436556044,https://www.vrbo.com/5294355,https://www.casagosocal.com/vacation-rentals/lake-arrowhead/lake-arrowhead/serene-cabin,,,open,
low,Sky High Cabin,Lake Arrowhead,,No Property Stage set,"Set Property Stage on the unit in Streamline. Until it is set, the audit has to assume the unit should be selling.",,1101757,https://www.airbnb.com/rooms/1688483788021221982,https://www.vrbo.com/5294227,https://www.casagosocal.com/vacation-rentals/lake-arrowhead/crestline/sky-high-cabin,,,open,
low,On the Doorstep,Orange County,,No Property Stage set,"Set Property Stage on the unit in Streamline. Until it is set, the audit has to assume the unit should be selling.",,1101780,https://www.airbnb.com/rooms/1613973965526001574,https://www.vrbo.com/5294276,https://www.casagosocal.com/vacation-rentals/orange-county/anaheim/on-the-doorstep,,,open,
low,Pacific Cove Unit 111,Orange County,,No Property Stage set,"Set Property Stage on the unit in Streamline. Until it is set, the audit has to assume the unit should be selling.",,1101806,https://www.airbnb.com/rooms/1613974343306887422,https://www.vrbo.com/5294328,https://www.casagosocal.com/vacation-rentals/orange-county/playa-del-rey/pacific-cove-unit-111,,,open,
low,Palm Tree Getaway,Orange County,,No Property Stage set,"Set Property Stage on the unit in Streamline. Until it is set, the audit has to assume the unit should be selling.",,1101696,https://www.airbnb.com/rooms/1613975133467468473,https://www.vrbo.com/5294110,https://www.casagosocal.com/vacation-rentals/orange-county/newport-beach/palm-tree-getaway,,,open,
low,San Clemente - Monterey A,Orange County,,No Property Stage set,"Set Property Stage on the unit in Streamline. Until it is set, the audit has to assume the unit should be selling.",,1101798,https://www.airbnb.com/rooms/1613974735545556775,https://www.vrbo.com/5294312,https://www.casagosocal.com/vacation-rentals/orange-county/san-clemente/san-clemente-monterey-a,,,open,
low,San Clemente - Monterey B,Orange County,,No Property Stage set,"Set Property Stage on the unit in Streamline. Until it is set, the audit has to assume the unit should be selling.",,1101668,https://www.airbnb.com/rooms/1613974674739182784,https://www.vrbo.com/5294052,https://www.casagosocal.com/vacation-rentals/orange-county/san-clemente/san-clemente-monterey-b,,,open,
low,San Clemente - Monterey C,Orange County,,No Property Stage set,"Set Property Stage on the unit in Streamline. Until it is set, the audit has to assume the unit should be selling.",,1101669,https://www.airbnb.com/rooms/1613974820496892600,https://www.vrbo.com/5294054,https://www.casagosocal.com/vacation-rentals/orange-county/san-clemente/san-clemente-monterey-c,,,open,
low,San Clemente - Monterey D,Orange County,,No Property Stage set,"Set Property Stage on the unit in Streamline. Until it is set, the audit has to assume the unit should be selling.",,1101800,https://www.airbnb.com/rooms/1613974204746453410,https://www.vrbo.com/5294316,https://www.casagosocal.com/vacation-rentals/orange-county/san-clemente/san-clemente-monterey-d,,,open,
low,San Clemente - Monterey Fourplex,Orange County,,No Property Stage set,"Set Property Stage on the unit in Streamline. Until it is set, the audit has to assume the unit should be selling.",,1101671,https://www.airbnb.com/rooms/1355302586376367514,https://www.vrbo.com/5294057,https://www.casagosocal.com/vacation-rentals/orange-county/san-clemente/san-clemente-monterey-fourplex,,,open,
low,San Clemente - Villa Del Mar,Orange County,,No Property Stage set,"Set Property Stage on the unit in Streamline. Until it is set, the audit has to assume the unit should be selling.",,1101670,https://www.airbnb.com/rooms/1613974546953504312,https://www.vrbo.com/5294055,https://www.casagosocal.com/vacation-rentals/orange-county/san-clemente/san-clemente-villa-del-mar,,,open,
low,San Clemente Ocean Luxury Bluff Top,Orange County,,No Property Stage set,"Set Property Stage on the unit in Streamline. Until it is set, the audit has to assume the unit should be selling.",,1101672,https://www.airbnb.com/rooms/53195584,https://www.vrbo.com/5294059,https://www.casagosocal.com/vacation-rentals/orange-county/san-clemente/san-clemente-ocean-luxury-bluff-top,,,open,
low,San Clemente Sunset,Orange County,,No Property Stage set,"Set Property Stage on the unit in Streamline. Until it is set, the audit has to assume the unit should be selling.",,1101631,https://www.airbnb.com/rooms/1613974022691679789,https://www.vrbo.com/5293976,https://www.casagosocal.com/vacation-rentals/orange-county/san-clemente/san-clemente-sunset,,,open,
low,Sea Breeze,Orange County,,No Property Stage set,"Set Property Stage on the unit in Streamline. Until it is set, the audit has to assume the unit should be selling.",,1101699,https://www.airbnb.com/rooms/1613975045863785448,https://www.vrbo.com/5294115,https://www.casagosocal.com/vacation-rentals/orange-county/newport-beach/sea-breeze,,,open,
low,Seascape Compound,Orange County,,No Property Stage set,"Set Property Stage on the unit in Streamline. Until it is set, the audit has to assume the unit should be selling.",,1101659,https://www.airbnb.com/rooms/53185719,https://www.vrbo.com/5294032,https://www.casagosocal.com/vacation-rentals/orange-county/newport-beach/seascape-compound,,,open,
low,Seascape I,Orange County,,No Property Stage set,"Set Property Stage on the unit in Streamline. Until it is set, the audit has to assume the unit should be selling.",,1101788,https://www.airbnb.com/rooms/53185744,https://www.vrbo.com/5294292,https://www.casagosocal.com/vacation-rentals/orange-county/newport-beach/seascape-i,,,open,
low,Seascape II,Orange County,,No Property Stage set,"Set Property Stage on the unit in Streamline. Until it is set, the audit has to assume the unit should be selling.",,1101784,https://www.airbnb.com/rooms/53191849,https://www.vrbo.com/5294285,https://www.casagosocal.com/vacation-rentals/orange-county/newport-beach/seascape-ii,,,open,
low,Seashore Dreams B - Upper Unit,Orange County,,No Property Stage set,"Set Property Stage on the unit in Streamline. Until it is set, the audit has to assume the unit should be selling.",,1101796,https://www.airbnb.com/rooms/1613973993905753728,https://www.vrbo.com/5294308,https://www.casagosocal.com/vacation-rentals/orange-county/newport-beach/seashore-dreams-b-upper-unit,,,open,
low,Indulgent Escape In Rancho Mirage,PalmSprings,,No Property Stage set,"Set Property Stage on the unit in Streamline. Until it is set, the audit has to assume the unit should be selling.",,1050521,https://www.airbnb.com/rooms/22749530,https://www.vrbo.com/5135282,https://casago.com/rentals/1013726,,,open,
low,La Buena Vida,PalmSprings,,No Property Stage set,"Set Property Stage on the unit in Streamline. Until it is set, the audit has to assume the unit should be selling.",,1092971,https://www.airbnb.com/rooms/1029065560518629281,https://www.vrbo.com/9896977ha,https://casago.com/rental/1092971.html,,,open,
low,La Casa Naranja,PalmSprings,,No Property Stage set,"Set Property Stage on the unit in Streamline. Until it is set, the audit has to assume the unit should be selling.",,1092984,https://www.airbnb.com/rooms/1229753448206767385,https://www.vrbo.com/9999772ha,https://casago.com/rental/1092984.html,,,open,
low,La Casita Mesquite - 47166 - 7 night minimum rental,PalmSprings,,No Property Stage set,"Set Property Stage on the unit in Streamline. Until it is set, the audit has to assume the unit should be selling.",,1051232,https://www.airbnb.com/rooms/1355705929473909733,https://www.vrbo.com/5136182,https://casago.com/rentals/1014410,,,open,
low,La Joya Granate,PalmSprings,,No Property Stage set,"Set Property Stage on the unit in Streamline. Until it is set, the audit has to assume the unit should be selling.",,1050751,https://www.airbnb.com/rooms/1719753056810757084,https://www.vrbo.com/5135571,https://casago.com/rentals/1013950,,,open,
low,La Joya Moderna,PalmSprings,,No Property Stage set,"Set Property Stage on the unit in Streamline. Until it is set, the audit has to assume the unit should be selling.",,1092832,https://www.airbnb.com/rooms/26445593,https://www.vrbo.com/7140043ha,https://casago.com/rental/1092832.html,,,open,
low,La Petite Maison,PalmSprings,,No Property Stage set,"Set Property Stage on the unit in Streamline. Until it is set, the audit has to assume the unit should be selling.",,1093022,https://www.airbnb.com/rooms/1529039915396505760,https://www.vrbo.com/20206119ha,https://casago.com/rental/1093022.html,,,open,
low,La Vie En Rose - 3901,PalmSprings,,No Property Stage set,"Set Property Stage on the unit in Streamline. Until it is set, the audit has to assume the unit should be selling.",,1050776,https://www.airbnb.com/rooms/1603774423176230210,https://www.vrbo.com/5135613,https://casago.com/rentals/1013974,,,open,
low,Las Palmas Monte Vista,PalmSprings,,No Property Stage set,"Set Property Stage on the unit in Streamline. Until it is set, the audit has to assume the unit should be selling.",,1050989,https://www.airbnb.com/rooms/32181804,https://www.vrbo.com/5135922,https://casago.com/rentals/1014183,,,open,
low,Lemon Twist,PalmSprings,,No Property Stage set,"Set Property Stage on the unit in Streamline. Until it is set, the audit has to assume the unit should be selling.",,1092719,https://www.airbnb.com/rooms/21963371,https://www.vrbo.com/4758676ha,https://casago.com/rental/1092719.html,,,open,
low,Lena's Hideaway,PalmSprings,,No Property Stage set,"Set Property Stage on the unit in Streamline. Until it is set, the audit has to assume the unit should be selling.",,1092792,https://www.airbnb.com/rooms/23630847,https://www.vrbo.com/4836625ha,https://casago.com/rental/1092792.html,,,open,
low,Lions Gate Estate,PalmSprings,,No Property Stage set,"Set Property Stage on the unit in Streamline. Until it is set, the audit has to assume the unit should be selling.",,1092787,https://www.airbnb.com/rooms/36797481,https://www.vrbo.com/4726584ha,https://casago.com/rental/1092787.html,,,open,
low,Little Tuscany Holiday House,PalmSprings,,No Property Stage set,"Set Property Stage on the unit in Streamline. Until it is set, the audit has to assume the unit should be selling.",,1092752,https://www.airbnb.com/rooms/46085679,https://www.vrbo.com/9501503ha,https://casago.com/rental/1092752.html,,,open,
low,Lola Vista,PalmSprings,,No Property Stage set,"Set Property Stage on the unit in Streamline. Until it is set, the audit has to assume the unit should be selling.",,1092946,https://www.airbnb.com/rooms/792108299738837119,https://www.vrbo.com/9772918ha,https://casago.com/rental/1092946.html,,,open,
low,Lost Palms Oasis,PalmSprings,,No Property Stage set,"Set Property Stage on the unit in Streamline. Until it is set, the audit has to assume the unit should be selling.",,1092745,https://www.airbnb.com/rooms/49227162,https://www.vrbo.com/9559853ha,https://casago.com/rental/1092745.html,,,open,
low,Loufie's Desert Retreat,PalmSprings,,No Property Stage set,"Set Property Stage on the unit in Streamline. Until it is set, the audit has to assume the unit should be selling.",,1050985,https://www.airbnb.com/rooms/1521838919013624607,https://www.vrbo.com/5135918,https://casago.com/rentals/1014180,,,open,
low,Lucy I'm Home,PalmSprings,,No Property Stage set,"Set Property Stage on the unit in Streamline. Until it is set, the audit has to assume the unit should be selling.",,1092820,https://www.airbnb.com/rooms/19606605,https://www.vrbo.com/3933859ha,https://casago.com/rental/1092820.html,,,open,
low,Lux Lounge,PalmSprings,,No Property Stage set,"Set Property Stage on the unit in Streamline. Until it is set, the audit has to assume the unit should be selling.",,1093017,https://www.airbnb.com/rooms/1431209566949673262,https://www.vrbo.com/20155228ha,https://casago.com/rental/1093017.html,,,open,
low,Luxury on the Lake Rancho Mirage,PalmSprings,,No Property Stage set,"Set Property Stage on the unit in Streamline. Until it is set, the audit has to assume the unit should be selling.",,1050836,https://www.airbnb.com/rooms/45688158,https://www.vrbo.com/5135710,https://casago.com/rentals/1014033,,,open,
low,Maison Du Soleil,PalmSprings,,No Property Stage set,"Set Property Stage on the unit in Streamline. Until it is set, the audit has to assume the unit should be selling.",,1093010,https://www.airbnb.com/rooms/1349981708521385903,https://www.vrbo.com/20109085ha,https://casago.com/rental/1093010.html,,,open,
low,Marcia! Marcia! Marcia!,PalmSprings,,No Property Stage set,"Set Property Stage on the unit in Streamline. Until it is set, the audit has to assume the unit should be selling.",,1092715,https://www.airbnb.com/rooms/47072843,https://www.vrbo.com/9511307ha,https://casago.com/rental/1092715.html,,,open,
low,Oasis Harmony - 58722,PalmSprings,,No Property Stage set,"Set Property Stage on the unit in Streamline. Until it is set, the audit has to assume the unit should be selling.",,1050902,https://www.airbnb.com/rooms/1604096726043285067,https://www.vrbo.com/5135826,https://casago.com/rentals/1014098,,,open,
low,Oasis in Palm Desert Resorter,PalmSprings,,No Property Stage set,"Set Property Stage on the unit in Streamline. Until it is set, the audit has to assume the unit should be selling.",,1051300,https://www.airbnb.com/rooms/1389802507562726314,https://www.vrbo.com/5136248,https://casago.com/rentals/1014464,,,open,
low,Oliver's Oasis - 2446,PalmSprings,,No Property Stage set,"Set Property Stage on the unit in Streamline. Until it is set, the audit has to assume the unit should be selling.",,1050864,https://www.airbnb.com/rooms/1603773794037755892,https://www.vrbo.com/5135763,https://casago.com/rentals/1014060,,,open,
low,On The Rocks,PalmSprings,,No Property Stage set,"Set Property Stage on the unit in Streamline. Until it is set, the audit has to assume the unit should be selling.",,1092858,https://www.airbnb.com/rooms/567427933223938175,https://www.vrbo.com/9663786ha,https://casago.com/rental/1092858.html,,,open,
low,Only Inn Palm Springs,PalmSprings,,No Property Stage set,"Set Property Stage on the unit in Streamline. Until it is set, the audit has to assume the unit should be selling.",,1092983,https://www.airbnb.com/rooms/1191968979796270337,https://www.vrbo.com/20291037,https://casago.com/rental/1092983.html,,,open,
low,Orchid Tree Villa - 2244,PalmSprings,,No Property Stage set,"Set Property Stage on the unit in Streamline. Until it is set, the audit has to assume the unit should be selling.",,1050983,https://www.airbnb.com/rooms/22749522,https://www.vrbo.com/5135916,https://casago.com/rentals/1014178,,,open,
low,Oscar Mayer House - 1050,PalmSprings,,No Property Stage set,"Set Property Stage on the unit in Streamline. Until it is set, the audit has to assume the unit should be selling.",,1051174,https://www.airbnb.com/rooms/22749456,https://www.vrbo.com/5136121,https://casago.com/rentals/1014354,,,open,
low,Out Of Office,PalmSprings,,No Property Stage set,"Set Property Stage on the unit in Streamline. Until it is set, the audit has to assume the unit should be selling.",,1092967,https://www.airbnb.com/rooms/965878063150878637,https://www.vrbo.com/9864203ha,https://casago.com/rental/1092967.html,,,open,
low,PD Retreat,PalmSprings,,No Property Stage set,"Set Property Stage on the unit in Streamline. Until it is set, the audit has to assume the unit should be selling.",,1051163,https://www.airbnb.com/rooms/1603773362630279214,https://www.vrbo.com/5136107,https://casago.com/rentals/1014343,,,open,
low,PS Smile,PalmSprings,,No Property Stage set,"Set Property Stage on the unit in Streamline. Until it is set, the audit has to assume the unit should be selling.",,1092830,https://www.airbnb.com/rooms/34369655,https://www.vrbo.com/7823064ha,https://casago.com/rental/1092830.html,,,open,
low,Palm Breeze,PalmSprings,,No Property Stage set,"Set Property Stage on the unit in Streamline. Until it is set, the audit has to assume the unit should be selling.",,1051360,https://www.airbnb.com/rooms/1490761481119254885,https://www.vrbo.com/5136306,https://casago.com/rentals/1014512,,,open,
low,Palm Canyon Villas B8 - 68424,PalmSprings,,No Property Stage set,"Set Property Stage on the unit in Streamline. Until it is set, the audit has to assume the unit should be selling.",,1050934,https://www.airbnb.com/rooms/1209522629955503938,https://www.vrbo.com/5135862,https://casago.com/rentals/1014130,,,open,
low,Palm Desert Charm,PalmSprings,,No Property Stage set,"Set Property Stage on the unit in Streamline. Until it is set, the audit has to assume the unit should be selling.",,1050958,https://www.airbnb.com/rooms/1604088829684294520,https://www.vrbo.com/5135890,https://casago.com/rentals/1014153,,,open,
low,Palm Desert Oasis on the Green,PalmSprings,,No Property Stage set,"Set Property Stage on the unit in Streamline. Until it is set, the audit has to assume the unit should be selling.",,1051000,https://www.airbnb.com/rooms/1683520016731306260,,https://www.casagosocal.com/vacation-rentals/coachella-valley/palm-desert/palm-desert-oasis-on-the-green,,,open,
low,Palm Desert Resorter 16-18,PalmSprings,,No Property Stage set,"Set Property Stage on the unit in Streamline. Until it is set, the audit has to assume the unit should be selling.",,1050961,https://www.airbnb.com/rooms/1603772218156329463,https://www.vrbo.com/5135893,https://casago.com/rentals/1014156,,,open,
low,Palm Desert Resorter 42-04,PalmSprings,,No Property Stage set,"Set Property Stage on the unit in Streamline. Until it is set, the audit has to assume the unit should be selling.",,1050908,https://www.airbnb.com/rooms/1603773927493314921,https://www.vrbo.com/5135832,https://casago.com/rentals/1014104,,,open,
low,Palm Garden - 58778,PalmSprings,,No Property Stage set,"Set Property Stage on the unit in Streamline. Until it is set, the audit has to assume the unit should be selling.",,1050921,https://www.airbnb.com/rooms/1603915799826114945,https://www.vrbo.com/5135848,https://casago.com/rentals/1014117,,,open,
low,Palm Oasis Escape,PalmSprings,,No Property Stage set,"Set Property Stage on the unit in Streamline. Until it is set, the audit has to assume the unit should be selling.",,1051250,https://www.airbnb.com/rooms/1363733830017376474,https://www.vrbo.com/5136200,https://casago.com/rentals/1014428,,,open,
low,Palm Paradise,PalmSprings,,No Property Stage set,"Set Property Stage on the unit in Streamline. Until it is set, the audit has to assume the unit should be selling.",,1056227,https://www.airbnb.com/rooms/1493037415060630154,https://www.vrbo.com/5136410,https://casago.com/rentals/1014607,,,open,
low,Palm Paradise - 2882,PalmSprings,,No Property Stage set,"Set Property Stage on the unit in Streamline. Until it is set, the audit has to assume the unit should be selling.",,1051009,https://www.airbnb.com/rooms/22749632,https://www.vrbo.com/5135945,https://casago.com/rentals/1014202,,,open,
low,Palm Paradise Villa,PalmSprings,,No Property Stage set,"Set Property Stage on the unit in Streamline. Until it is set, the audit has to assume the unit should be selling.",,1050755,https://www.airbnb.com/rooms/990572980792550157,https://www.vrbo.com/5135577,https://casago.com/rentals/1013954,,,open,
low,Palm Springs Area; 2 Suite Retreat,PalmSprings,,No Property Stage set,"Set Property Stage on the unit in Streamline. Until it is set, the audit has to assume the unit should be selling.",,1051072,https://www.airbnb.com/rooms/1355705619223030673,https://www.vrbo.com/5136009,https://casago.com/rentals/1014261,,,open,
low,Palm Springs Boho Bliss,PalmSprings,,No Property Stage set,"Set Property Stage on the unit in Streamline. Until it is set, the audit has to assume the unit should be selling.",,1050745,https://www.airbnb.com/rooms/1604102583500612827,https://www.vrbo.com/5135563,https://casago.com/rentals/1013944,,,open,
low,"Palm Springs Condo, Sunrise Villas",PalmSprings,,No Property Stage set,"Set Property Stage on the unit in Streamline. Until it is set, the audit has to assume the unit should be selling.",,1050821,https://www.airbnb.com/rooms/1355705431277330537,https://www.vrbo.com/5135685,https://casago.com/rentals/1014018,,,open,
low,Palm Springs Luxury Retreat -2288,PalmSprings,,No Property Stage set,"Set Property Stage on the unit in Streamline. Until it is set, the audit has to assume the unit should be selling.",,1050898,https://www.airbnb.com/rooms/22749528,https://www.vrbo.com/5135819,https://casago.com/rentals/1014094,,,open,
low,Palm Springs Midcentury Alexander - 762,PalmSprings,,No Property Stage set,"Set Property Stage on the unit in Streamline. Until it is set, the audit has to assume the unit should be selling.",,1051010,https://www.airbnb.com/rooms/1633721364213528532,https://www.vrbo.com/5135946,https://casago.com/rentals/1014203,,,open,
low,Palm Springs Modern Home - 3972,PalmSprings,,No Property Stage set,"Set Property Stage on the unit in Streamline. Until it is set, the audit has to assume the unit should be selling.",,1050646,https://www.airbnb.com/rooms/1603771738955887935,https://www.vrbo.com/5135432,https://casago.com/rentals/1013848,,,open,
low,Palm Springs Perfection - 2243,PalmSprings,,No Property Stage set,"Set Property Stage on the unit in Streamline. Until it is set, the audit has to assume the unit should be selling.",,1050861,https://www.airbnb.com/rooms/1603771964570159831,https://www.vrbo.com/5135757,https://casago.com/rentals/1014057,,,open,
low,Palm Springs Pool Bungalow - 1491,PalmSprings,,No Property Stage set,"Set Property Stage on the unit in Streamline. Until it is set, the audit has to assume the unit should be selling.",,1050690,https://www.airbnb.com/rooms/24039068,https://www.vrbo.com/5135483,https://casago.com/rentals/1013891,,,open,
low,Palm Springs Style - 2875,PalmSprings,,No Property Stage set,"Set Property Stage on the unit in Streamline. Until it is set, the audit has to assume the unit should be selling.",,1051007,https://www.airbnb.com/rooms/22749631,https://www.vrbo.com/5135942,https://casago.com/rentals/1014200,,,open,
low,Palm Springs Sunrise Condo,PalmSprings,,No Property Stage set,"Set Property Stage on the unit in Streamline. Until it is set, the audit has to assume the unit should be selling.",,1051245,https://www.airbnb.com/rooms/45688133,https://www.vrbo.com/5136195,https://casago.com/rentals/1014423,,,open,
low,Palm Springs Timeless Beauty - 4240,PalmSprings,,No Property Stage set,"Set Property Stage on the unit in Streamline. Until it is set, the audit has to assume the unit should be selling.",,1051180,https://www.airbnb.com/rooms/39695357,https://www.vrbo.com/5136127,https://casago.com/rentals/1014360,,,open,
low,Palm Springs Trousdale,PalmSprings,,No Property Stage set,"Set Property Stage on the unit in Streamline. Until it is set, the audit has to assume the unit should be selling.",,1092814,https://www.airbnb.com/rooms/42608144,https://www.vrbo.com/9399785ha,https://casago.com/rental/1092814.html,,,open,
low,Palm Springs Villa,PalmSprings,,No Property Stage set,"Set Property Stage on the unit in Streamline. Until it is set, the audit has to assume the unit should be selling.",,1051243,https://www.airbnb.com/rooms/1355705801355518552,https://www.vrbo.com/5136193,https://casago.com/rentals/1014421,,,open,
low,Palm Tree Retreat Unit 128 - 4330,PalmSprings,,No Property Stage set,"Set Property Stage on the unit in Streamline. Until it is set, the audit has to assume the unit should be selling.",,1050817,https://www.airbnb.com/rooms/1603771830661468515,https://www.vrbo.com/5135678,https://casago.com/rentals/1014014,,,open,
low,Palms & Peaks 7 Night minimum stay #43588,PalmSprings,,No Property Stage set,"Set Property Stage on the unit in Streamline. Until it is set, the audit has to assume the unit should be selling.",,1051276,https://www.airbnb.com/rooms/1031106930038181006,https://www.vrbo.com/5136226,https://casago.com/rentals/1014446,,,open,
low,Panoramic Southridge Views Condo,PalmSprings,,No Property Stage set,"Set Property Stage on the unit in Streamline. Until it is set, the audit has to assume the unit should be selling.",,1051033,https://www.airbnb.com/rooms/47907747,https://www.vrbo.com/5135971,https://casago.com/rentals/1014226,,,open,
low,Papillon Palm Springs,PalmSprings,,No Property Stage set,"Set Property Stage on the unit in Streamline. Until it is set, the audit has to assume the unit should be selling.",,1092801,https://www.airbnb.com/rooms/48044370,https://www.vrbo.com/9534500ha,https://casago.com/rental/1092801.html,,,open,
low,Paradise,PalmSprings,,No Property Stage set,"Set Property Stage on the unit in Streamline. Until it is set, the audit has to assume the unit should be selling.",,1051129,https://www.airbnb.com/rooms/1604093751178901054,https://www.vrbo.com/5136072,https://casago.com/rentals/1014313,,,open,
low,Paradise Views Townhome,PalmSprings,,No Property Stage set,"Set Property Stage on the unit in Streamline. Until it is set, the audit has to assume the unit should be selling.",,1050604,https://www.airbnb.com/rooms/48212077,https://www.vrbo.com/5135378,,,,open,
low,Pasada Dreams,PalmSprings,,No Property Stage set,"Set Property Stage on the unit in Streamline. Until it is set, the audit has to assume the unit should be selling.",,1050543,https://www.airbnb.com/rooms/1355705781523765643,https://www.vrbo.com/5135307,https://casago.com/rentals/1013748,,,open,
low,Ruth Hardy Park Oasis,PalmSprings,,No Property Stage set,"Set Property Stage on the unit in Streamline. Until it is set, the audit has to assume the unit should be selling.",,1092805,https://www.airbnb.com/rooms/19607503,https://www.vrbo.com/3521235ha,https://casago.com/rental/1092805.html,,,open,
low,San Jacinto Hacienda,PalmSprings,,No Property Stage set,"Set Property Stage on the unit in Streamline. Until it is set, the audit has to assume the unit should be selling.",,1092779,https://www.airbnb.com/rooms/44591122,https://www.vrbo.com/9462052ha,https://casago.com/rental/1092779.html,,,open,
low,San Lucas Hideout,PalmSprings,,No Property Stage set,"Set Property Stage on the unit in Streamline. Until it is set, the audit has to assume the unit should be selling.",,1092815,https://www.airbnb.com/rooms/19606623,https://www.vrbo.com/4158993ha,https://casago.com/rental/1092815.html,,,open,
low,San Sorento House,PalmSprings,,No Property Stage set,"Set Property Stage on the unit in Streamline. Until it is set, the audit has to assume the unit should be selling.",,1092895,https://www.airbnb.com/rooms/878963687555843711,https://www.vrbo.com/9821062ha,https://casago.com/rental/1092895.html,,,open,
low,Santa Rosa Villa,PalmSprings,,No Property Stage set,"Set Property Stage on the unit in Streamline. Until it is set, the audit has to assume the unit should be selling.",,1051065,https://www.airbnb.com/rooms/1355705680986183143,https://www.vrbo.com/5136000,https://casago.com/rentals/1014254,,,open,
low,Sapphire Hideaway,PalmSprings,,No Property Stage set,"Set Property Stage on the unit in Streamline. Until it is set, the audit has to assume the unit should be selling.",,1093001,https://www.airbnb.com/rooms/1563037749522630095,https://www.vrbo.com/20096736ha,https://casago.com/rental/1093001.html,,,open,
low,Sawgrass Summer,PalmSprings,,No Property Stage set,"Set Property Stage on the unit in Streamline. Until it is set, the audit has to assume the unit should be selling.",,1051310,https://www.airbnb.com/rooms/1603773171460546038,https://www.vrbo.com/5136255,https://casago.com/rentals/1014470,,,open,
low,Serendipity in Deepwell,PalmSprings,,No Property Stage set,"Set Property Stage on the unit in Streamline. Until it is set, the audit has to assume the unit should be selling.",,1092717,https://www.airbnb.com/rooms/36797512,https://www.vrbo.com/4906326ha,https://casago.com/rental/1092717.html,,,open,
low,Serene On The Green,PalmSprings,,No Property Stage set,"Set Property Stage on the unit in Streamline. Until it is set, the audit has to assume the unit should be selling.",,1051126,https://www.airbnb.com/rooms/1111772939857340029,https://www.vrbo.com/5136067,https://casago.com/rentals/1014310,,,open,
low,Serenity Palm Springs Ranch - 2869,PalmSprings,,No Property Stage set,"Set Property Stage on the unit in Streamline. Until it is set, the audit has to assume the unit should be selling.",,1051060,https://www.airbnb.com/rooms/28461350,https://www.vrbo.com/5135996,https://casago.com/rentals/1014250,,,open,
low,Serenity Sands,PalmSprings,,No Property Stage set,"Set Property Stage on the unit in Streamline. Until it is set, the audit has to assume the unit should be selling.",,1051357,https://www.airbnb.com/rooms/1495932698871782619,https://www.vrbo.com/5136302,https://casago.com/rentals/1014509,,,open,
low,Serenity at Desert Princess,PalmSprings,,No Property Stage set,"Set Property Stage on the unit in Streamline. Until it is set, the audit has to assume the unit should be selling.",,1051394,https://www.airbnb.com/rooms/1590054498388074260,https://www.vrbo.com/5136338,https://casago.com/rentals/1014542,,,open,
low,Shag Lover,PalmSprings,,No Property Stage set,"Set Property Stage on the unit in Streamline. Until it is set, the audit has to assume the unit should be selling.",,1092821,https://www.airbnb.com/rooms/33369353,https://www.vrbo.com/7637434ha,https://casago.com/rental/1092821.html,,,open,
low,Shaken Not Stirred in Sunrise Park,PalmSprings,,No Property Stage set,"Set Property Stage on the unit in Streamline. Until it is set, the audit has to assume the unit should be selling.",,1092811,https://www.airbnb.com/rooms/44591137,https://www.vrbo.com/9486808ha,https://casago.com/rental/1092811.html,,,open,
low,Shooting Star - 3210,PalmSprings,,No Property Stage set,"Set Property Stage on the unit in Streamline. Until it is set, the audit has to assume the unit should be selling.",,1050622,https://www.airbnb.com/rooms/22749672,https://www.vrbo.com/5135403,https://casago.com/rentals/1013825,,,open,
low,Sol Suave,PalmSprings,,No Property Stage set,"Set Property Stage on the unit in Streamline. Until it is set, the audit has to assume the unit should be selling.",,1051261,https://www.airbnb.com/rooms/1355302080888587301,https://www.vrbo.com/5136214,https://casago.com/rentals/1014437,,,open,
low,Kierland Escape,Phoenix,,No Property Stage set,"Set Property Stage on the unit in Streamline. Until it is set, the audit has to assume the unit should be selling.",,1051316,https://www.airbnb.com/rooms/1599988164795261386,https://www.vrbo.com/5136259,https://casago.com/rentals/1014474,,,open,
low,Kodiak Cottage,Phoenix,,No Property Stage set,"Set Property Stage on the unit in Streamline. Until it is set, the audit has to assume the unit should be selling.",,1051008,https://www.airbnb.com/rooms/1599746629232161888,https://www.vrbo.com/5135943,https://casago.com/rentals/1014201,,,open,
low,La Dolce Vita #301,Phoenix,,No Property Stage set,"Set Property Stage on the unit in Streamline. Until it is set, the audit has to assume the unit should be selling.",,1050917,https://www.airbnb.com/rooms/1126990529242046935,https://www.vrbo.com/5135843,https://casago.com/rentals/1014113,,,open,
low,Lake in the Desert,Phoenix,,No Property Stage set,"Set Property Stage on the unit in Streamline. Until it is set, the audit has to assume the unit should be selling.",,1051426,https://www.airbnb.com/rooms/1599422558504674313,https://www.vrbo.com/5136371,https://casago.com/rentals/1014571,,,open,
low,Lakeshore At Andersen Springs #1144,Phoenix,,No Property Stage set,"Set Property Stage on the unit in Streamline. Until it is set, the audit has to assume the unit should be selling.",,1050827,https://www.airbnb.com/rooms/1158078727019928410,https://www.vrbo.com/5135693,https://casago.com/rentals/1014024,,,open,
low,Le Maisonette,Phoenix,,No Property Stage set,"Set Property Stage on the unit in Streamline. Until it is set, the audit has to assume the unit should be selling.",,1039422,https://www.airbnb.com/rooms/37367577,https://www.vrbo.com/1048150,https://casago.com/rentals/1013612,,,open,
low,Life in the Sun,Phoenix,,No Property Stage set,"Set Property Stage on the unit in Streamline. Until it is set, the audit has to assume the unit should be selling.",,1050472,https://www.airbnb.com/rooms/1126978657320341614,https://www.vrbo.com/5135222,https://casago.com/rentals/1013677,,,open,
low,Litchfield Manor,Phoenix,,No Property Stage set,"Set Property Stage on the unit in Streamline. Until it is set, the audit has to assume the unit should be selling.",,1039450,https://www.airbnb.com/rooms/22165575,https://www.vrbo.com/1150903,https://casago.com/rentals/1013638,,,open,
low,Local Living in Apache Junction,Phoenix,,No Property Stage set,"Set Property Stage on the unit in Streamline. Until it is set, the audit has to assume the unit should be selling.",,1050629,https://www.airbnb.com/rooms/1599754604601330929,https://www.vrbo.com/5135412,https://casago.com/rentals/1013832,,,open,
low,Luxe on the Links,Phoenix,,No Property Stage set,"Set Property Stage on the unit in Streamline. Until it is set, the audit has to assume the unit should be selling.",,1051085,https://www.airbnb.com/rooms/1045809883504005395,https://www.vrbo.com/5136026,https://casago.com/rentals/1014274,,,open,
low,Luxury Oasis at Old Town,Phoenix,,No Property Stage set,"Set Property Stage on the unit in Streamline. Until it is set, the audit has to assume the unit should be selling.",,1039455,https://www.airbnb.com/rooms/52112574,https://www.vrbo.com/2458174,https://casago.com/rentals/1013643,,,open,
low,McCormick Ranch Golf Casita,Phoenix,,No Property Stage set,"Set Property Stage on the unit in Streamline. Until it is set, the audit has to assume the unit should be selling.",,1039389,https://www.airbnb.com/rooms/48427692,https://www.vrbo.com/2226256,https://casago.com/rentals/1013582,,,open,
low,McCormick Ranch Panorama Vista,Phoenix,,No Property Stage set,"Set Property Stage on the unit in Streamline. Until it is set, the audit has to assume the unit should be selling.",,1039454,https://www.airbnb.com/rooms/961060579941367794,https://www.vrbo.com/3566239,https://casago.com/rentals/1013642,,,open,
low,Oasis Getaway,Phoenix,,No Property Stage set,"Set Property Stage on the unit in Streamline. Until it is set, the audit has to assume the unit should be selling.",,1050765,https://www.airbnb.com/rooms/1599758090864133610,https://www.vrbo.com/5135594,https://casago.com/rentals/1013963,,,open,
low,Oasis at Cholla,Phoenix,,No Property Stage set,"Set Property Stage on the unit in Streamline. Until it is set, the audit has to assume the unit should be selling.",,1050959,https://www.airbnb.com/rooms/1071135906872709815,https://www.vrbo.com/5135891,https://casago.com/rentals/1014154,,,open,
low,Oasis at South Mountain,Phoenix,,No Property Stage set,"Set Property Stage on the unit in Streamline. Until it is set, the audit has to assume the unit should be selling.",,1050444,https://www.airbnb.com/rooms/1045781205752114761,https://www.vrbo.com/5135179,https://casago.com/rentals/1013650,,,open,
low,Oasis in the Desert,Phoenix,,No Property Stage set,"Set Property Stage on the unit in Streamline. Until it is set, the audit has to assume the unit should be selling.",,1050498,https://www.airbnb.com/rooms/1602319959890400972,https://www.vrbo.com/5135252,https://casago.com/rentals/1013703,,,open,
low,On the 13th Hole,Phoenix,,No Property Stage set,"Set Property Stage on the unit in Streamline. Until it is set, the audit has to assume the unit should be selling.",,1050762,https://www.airbnb.com/rooms/1599754832274115207,https://www.vrbo.com/5135591,https://casago.com/rentals/1013961,,,open,
low,Optima Vista,Phoenix,,No Property Stage set,"Set Property Stage on the unit in Streamline. Until it is set, the audit has to assume the unit should be selling.",,1039373,https://www.airbnb.com/rooms/1507313627996927088,https://www.vrbo.com/4839887,https://casago.com/rentals/1013568,,,open,
low,Oraibi Oasis,Phoenix,,No Property Stage set,"Set Property Stage on the unit in Streamline. Until it is set, the audit has to assume the unit should be selling.",,1050954,https://www.airbnb.com/rooms/1599506214085198104,https://www.vrbo.com/5135885,https://casago.com/rentals/1014149,,,open,
low,Orange Blossom Hideaway,Phoenix,,No Property Stage set,"Set Property Stage on the unit in Streamline. Until it is set, the audit has to assume the unit should be selling.",,1039446,https://www.airbnb.com/rooms/1103162637036381875,https://www.vrbo.com/3883497,https://casago.com/rentals/1013635,,,open,
low,Paint the Town,Phoenix,,No Property Stage set,"Set Property Stage on the unit in Streamline. Until it is set, the audit has to assume the unit should be selling.",,1050566,https://www.airbnb.com/rooms/1599729172188334686,https://www.vrbo.com/5135334,https://casago.com/rentals/1013771,,,open,
low,Painted Mountain Golf Retreat,Phoenix,,No Property Stage set,"Set Property Stage on the unit in Streamline. Until it is set, the audit has to assume the unit should be selling.",,1039421,https://www.airbnb.com/rooms/53433289,https://www.vrbo.com/2553015,https://casago.com/rentals/1013611,,,open,
low,Palm Reflection,Phoenix,,No Property Stage set,"Set Property Stage on the unit in Streamline. Until it is set, the audit has to assume the unit should be selling.",,1050621,https://www.airbnb.com/rooms/1599749275227810852,https://www.vrbo.com/5135402,https://casago.com/rentals/1013824,,,open,
low,Palm Valley Oasis,Phoenix,,No Property Stage set,"Set Property Stage on the unit in Streamline. Until it is set, the audit has to assume the unit should be selling.",,1050587,https://www.airbnb.com/rooms/1599501947483030202,https://www.vrbo.com/5135361,https://casago.com/rentals/1013791,,,open,
low,Palomino Place,Phoenix,,No Property Stage set,"Set Property Stage on the unit in Streamline. Until it is set, the audit has to assume the unit should be selling.",,1050887,https://www.airbnb.com/rooms/1599763298373025917,https://www.vrbo.com/5135800,https://casago.com/rentals/1014083,,,open,
low,Paradise Retreat,Phoenix,,No Property Stage set,"Set Property Stage on the unit in Streamline. Until it is set, the audit has to assume the unit should be selling.",,1056216,https://www.airbnb.com/rooms/1127473093642314463,https://www.vrbo.com/2059204,https://casago.com/rentals/1014599,,,open,
low,Paradise Valley Vacation Home,Phoenix,,No Property Stage set,"Set Property Stage on the unit in Streamline. Until it is set, the audit has to assume the unit should be selling.",,1051077,,,https://www.casagoarizona.com/vacation-rentals/phoenix/phoenix/paradise-valley-vacation-home,,,open,
low,Patrick Place,Phoenix,,No Property Stage set,"Set Property Stage on the unit in Streamline. Until it is set, the audit has to assume the unit should be selling.",,1039353,https://www.airbnb.com/rooms/36527866,https://www.vrbo.com/1700930,https://casago.com/rentals/1013554,,,open,
low,Sabrina's Place,Phoenix,,No Property Stage set,"Set Property Stage on the unit in Streamline. Until it is set, the audit has to assume the unit should be selling.",,1050748,https://www.airbnb.com/rooms/1071623976242710637,https://www.vrbo.com/5135567,https://casago.com/rentals/1013947,,,open,
low,Sahuaro Villa,Phoenix,,No Property Stage set,"Set Property Stage on the unit in Streamline. Until it is set, the audit has to assume the unit should be selling.",,1050976,https://www.airbnb.com/rooms/1045696669665710194,https://www.vrbo.com/5135909,https://casago.com/rentals/1014171,,,open,
low,Scottsdale Bliss,Phoenix,,No Property Stage set,"Set Property Stage on the unit in Streamline. Until it is set, the audit has to assume the unit should be selling.",,1050779,https://www.airbnb.com/rooms/1599763610450729914,https://www.vrbo.com/5135619,https://casago.com/rentals/1013977,,,open,
low,Scottsdale Escape,Phoenix,,No Property Stage set,"Set Property Stage on the unit in Streamline. Until it is set, the audit has to assume the unit should be selling.",,1051108,https://www.airbnb.com/rooms/1599735447442952533,https://www.vrbo.com/5136050,https://casago.com/rentals/1014295,,,open,
low,Scottsdale In-Town Villa,Phoenix,,No Property Stage set,"Set Property Stage on the unit in Streamline. Until it is set, the audit has to assume the unit should be selling.",,1050926,https://www.airbnb.com/rooms/1599420816841626785,https://www.vrbo.com/5135854,https://casago.com/rentals/1014122,,,open,
low,Scottsdale Poolside Hideaway,Phoenix,,No Property Stage set,"Set Property Stage on the unit in Streamline. Until it is set, the audit has to assume the unit should be selling.",,1050528,https://www.airbnb.com/rooms/1582767397319950158,https://www.vrbo.com/5135289,https://casago.com/rentals/1013733,,,open,
low,Scottsdale Scenery,Phoenix,,No Property Stage set,"Set Property Stage on the unit in Streamline. Until it is set, the audit has to assume the unit should be selling.",,1050691,https://www.airbnb.com/rooms/1045696657362762323,https://www.vrbo.com/5135484,https://casago.com/rentals/1013892,,,open,
low,Scottsdale Serenity,Phoenix,,No Property Stage set,"Set Property Stage on the unit in Streamline. Until it is set, the audit has to assume the unit should be selling.",,1056214,https://www.airbnb.com/rooms/1599762485642739836,https://www.vrbo.com/5136401,https://casago.com/rentals/1014597,,,open,
low,Scottsdale Sol,Phoenix,,No Property Stage set,"Set Property Stage on the unit in Streamline. Until it is set, the audit has to assume the unit should be selling.",,1039380,https://www.airbnb.com/rooms/1497991230516500678,https://www.vrbo.com/4765763,https://casago.com/rentals/1013575,,,open,
low,Scottsdale Springs,Phoenix,,No Property Stage set,"Set Property Stage on the unit in Streamline. Until it is set, the audit has to assume the unit should be selling.",,1050447,https://www.airbnb.com/rooms/1599737979659602015,https://www.vrbo.com/5135186,https://casago.com/rentals/1013653,,,open,
low,Scottsdale's Charmer,Phoenix,,No Property Stage set,"Set Property Stage on the unit in Streamline. Until it is set, the audit has to assume the unit should be selling.",,1051413,https://www.airbnb.com/rooms/1599423622512739180,https://www.vrbo.com/5136357,https://casago.com/rentals/1014559,,,open,
low,Scottsdale's Haven,Phoenix,,No Property Stage set,"Set Property Stage on the unit in Streamline. Until it is set, the audit has to assume the unit should be selling.",,1051331,https://www.airbnb.com/rooms/1599501005865648160,https://www.vrbo.com/5136274,https://casago.com/rentals/1014486,,,open,
low,Scottsdale's Sanctuary,Phoenix,,No Property Stage set,"Set Property Stage on the unit in Streamline. Until it is set, the audit has to assume the unit should be selling.",,1050667,https://www.airbnb.com/rooms/1599423649603752899,https://www.vrbo.com/5135455,https://casago.com/rentals/1013868,,,open,
low,Serenity Now,Phoenix,,No Property Stage set,"Set Property Stage on the unit in Streamline. Until it is set, the audit has to assume the unit should be selling.",,1050578,https://www.airbnb.com/rooms/1070957889832460367,https://www.vrbo.com/5135353,https://casago.com/rentals/1013783,,,open,
low,Serenity Ridge,Phoenix,,No Property Stage set,"Set Property Stage on the unit in Streamline. Until it is set, the audit has to assume the unit should be selling.",,1050555,https://www.airbnb.com/rooms/1599423546917183444,https://www.vrbo.com/5135321,https://casago.com/rentals/1013760,,,open,
low,Shaded Villa,Phoenix,,No Property Stage set,"Set Property Stage on the unit in Streamline. Until it is set, the audit has to assume the unit should be selling.",,1051435,https://www.airbnb.com/rooms/1158077607362438106,https://www.vrbo.com/5136381,https://casago.com/rentals/1014580,,,open,
low,Simply Irresistible,Phoenix,,No Property Stage set,"Set Property Stage on the unit in Streamline. Until it is set, the audit has to assume the unit should be selling.",,1039439,https://www.airbnb.com/rooms/48330924,https://www.vrbo.com/508904,https://casago.com/rentals/1013629,,,open,
low,Slice of Paradise,Phoenix,,No Property Stage set,"Set Property Stage on the unit in Streamline. Until it is set, the audit has to assume the unit should be selling.",,1050740,https://www.airbnb.com/rooms/628171858971823363,https://www.vrbo.com/5135554,https://casago.com/rentals/1013939,,,open,
low,So Par So Good,Phoenix,,No Property Stage set,"Set Property Stage on the unit in Streamline. Until it is set, the audit has to assume the unit should be selling.",,1050996,https://www.airbnb.com/rooms/1599733608698691061,https://www.vrbo.com/5135929,https://casago.com/rentals/1014190,,,open,
low,Khunu-Wasi White Mountain Hideaway,PineTop,,No Property Stage set,"Set Property Stage on the unit in Streamline. Until it is set, the audit has to assume the unit should be selling.",,1050562,https://www.airbnb.com/rooms/1355707366560912505,https://www.vrbo.com/5135330,https://casago.com/rentals/1013767,,,open,
low,Lakeside Livin',PineTop,,No Property Stage set,"Set Property Stage on the unit in Streamline. Until it is set, the audit has to assume the unit should be selling.",,1050837,https://www.airbnb.com/rooms/1208073942481475513,https://www.vrbo.com/5135712,https://casago.com/rentals/1014034,,,open,
low,Osprey Cabin,PineTop,,No Property Stage set,"Set Property Stage on the unit in Streamline. Until it is set, the audit has to assume the unit should be selling.",,1050489,https://www.airbnb.com/rooms/999958374792509647,https://www.vrbo.com/5135241,https://casago.com/rentals/1013695,,,open,
low,Par Paradise,PineTop,,No Property Stage set,"Set Property Stage on the unit in Streamline. Until it is set, the audit has to assume the unit should be selling.",,1050803,https://www.airbnb.com/rooms/1208774832565436146,https://www.vrbo.com/5135654,https://casago.com/rentals/1014000,,,open,
low,Show Low Serenity,PineTop,,No Property Stage set,"Set Property Stage on the unit in Streamline. Until it is set, the audit has to assume the unit should be selling.",,1050530,https://www.airbnb.com/rooms/1223297046954421801,https://www.vrbo.com/5135292,https://casago.com/rentals/1013735,,,open,
low,Indian Cliffs Retreat,Sedona,,No Property Stage set,"Set Property Stage on the unit in Streamline. Until it is set, the audit has to assume the unit should be selling.",,1039407,https://www.airbnb.com/rooms/51285441,https://www.vrbo.com/2406873,https://casago.com/rentals/1013598,,,open,
low,Lux At Pinon Woods,Sedona,,No Property Stage set,"Set Property Stage on the unit in Streamline. Until it is set, the audit has to assume the unit should be selling.",,1039413,https://www.airbnb.com/rooms/607884323145218541,https://www.vrbo.com/2765961,https://casago.com/rentals/1013604,,,open,
low,Oasis At Chapel Rock,Sedona,,No Property Stage set,"Set Property Stage on the unit in Streamline. Until it is set, the audit has to assume the unit should be selling.",,1039417,https://www.airbnb.com/rooms/622465418778779061,https://www.vrbo.com/2797832,https://casago.com/rentals/1013607,,,open,
low,Panorama Landing,Sedona,,No Property Stage set,"Set Property Stage on the unit in Streamline. Until it is set, the audit has to assume the unit should be selling.",,1039453,https://www.airbnb.com/rooms/1539358227792888440,https://www.vrbo.com/4912948,https://casago.com/rentals/1013641,,,open,
low,Santa Susana,Sedona,,No Property Stage set,"Set Property Stage on the unit in Streamline. Until it is set, the audit has to assume the unit should be selling.",,1039384,https://www.airbnb.com/rooms/33776178,https://www.vrbo.com/1653298,https://casago.com/rentals/1013578,,,open,
low,Sedona Hideaway,Sedona,,No Property Stage set,"Set Property Stage on the unit in Streamline. Until it is set, the audit has to assume the unit should be selling.",,1051306,https://www.airbnb.com/rooms/1613891625511675062,https://www.vrbo.com/5136252,https://casago.com/rentals/1014467,,,open,
low,Sedona Quail Haven,Sedona,,No Property Stage set,"Set Property Stage on the unit in Streamline. Until it is set, the audit has to assume the unit should be selling.",,1039390,https://www.airbnb.com/rooms/745576135332204205,https://www.vrbo.com/3080420,https://www.casagoarizona.com/vacation-rentals/sedona/village-of-oak-creek/sedona-quail-haven,,,open,
low,Sedona Sky Sanctuary,Sedona,,No Property Stage set,"Set Property Stage on the unit in Streamline. Until it is set, the audit has to assume the unit should be selling.",,1051277,https://www.airbnb.com/rooms/1612337820730789226,https://www.vrbo.com/5136227,https://casago.com/rentals/1014447,,,open,
low,Sedona Thunder Mountain Retreat,Sedona,,No Property Stage set,"Set Property Stage on the unit in Streamline. Until it is set, the audit has to assume the unit should be selling.",,1051408,https://www.airbnb.com/rooms/605568562574690451,https://www.vrbo.com/5136352,https://casago.com/rentals/1014554,,,open,
low,La Paloma Executive,Tucson,,No Property Stage set,"Set Property Stage on the unit in Streamline. Until it is set, the audit has to assume the unit should be selling.",,1050969,https://www.airbnb.com/rooms/32019136,https://www.vrbo.com/5135901,https://casago.com/rentals/1014164,,,open,
low,Laurelwood,Tucson,,No Property Stage set,"Set Property Stage on the unit in Streamline. Until it is set, the audit has to assume the unit should be selling.",,1051162,https://www.airbnb.com/rooms/1612554926465114022,https://www.vrbo.com/5136106,https://casago.com/rentals/1014342,,,open,
low,Lazy C Ranch,Tucson,,No Property Stage set,"Set Property Stage on the unit in Streamline. Until it is set, the audit has to assume the unit should be selling.",,1050564,https://www.airbnb.com/rooms/562960130438850540,https://www.vrbo.com/5135332,https://casago.com/rentals/1013769,,,open,
low,Lizard Rock,Tucson,,No Property Stage set,"Set Property Stage on the unit in Streamline. Until it is set, the audit has to assume the unit should be selling.",,1050525,https://www.airbnb.com/rooms/1612340883237906475,https://www.vrbo.com/5135286,https://casago.com/rentals/1013730,,,open,
low,Running Coyote,Tucson,,No Property Stage set,"Set Property Stage on the unit in Streamline. Until it is set, the audit has to assume the unit should be selling.",,1050586,https://www.airbnb.com/rooms/42810495,https://www.vrbo.com/5135360,https://casago.com/rentals/1013790,,,open,
low,Sabino Canyon Gem,Tucson,,No Property Stage set,"Set Property Stage on the unit in Streamline. Until it is set, the audit has to assume the unit should be selling.",,1050966,https://www.airbnb.com/rooms/1483418667907123550,https://www.vrbo.com/5135898,https://casago.com/rentals/1014161,,,open,
low,Sabino Canyon Hideaway,Tucson,,No Property Stage set,"Set Property Stage on the unit in Streamline. Until it is set, the audit has to assume the unit should be selling.",,1050493,https://www.airbnb.com/rooms/1355706672665666335,https://www.vrbo.com/5135245,https://casago.com/rentals/1013698,,,open,
low,Saguaro Sunrise,Tucson,,No Property Stage set,"Set Property Stage on the unit in Streamline. Until it is set, the audit has to assume the unit should be selling.",,1056207,https://www.airbnb.com/rooms/1091271383345104992,https://www.vrbo.com/5136394,https://casago.com/rentals/1014591,,,open,
low,Sam Hughes,Tucson,,No Property Stage set,"Set Property Stage on the unit in Streamline. Until it is set, the audit has to assume the unit should be selling.",,1051400,https://www.airbnb.com/rooms/502955809977019200,https://www.vrbo.com/5136344,https://casago.com/rentals/1014547,,,open,
low,Sam Hughes on 6th,Tucson,,No Property Stage set,"Set Property Stage on the unit in Streamline. Until it is set, the audit has to assume the unit should be selling.",,1051405,https://www.airbnb.com/rooms/572404177697861122,https://www.vrbo.com/5136348,https://casago.com/rentals/1014551,,,open,
low,Serenity Awaits,Tucson,,No Property Stage set,"Set Property Stage on the unit in Streamline. Until it is set, the audit has to assume the unit should be selling.",,1051440,https://www.airbnb.com/rooms/684178227238494825,https://www.vrbo.com/5136387,https://casago.com/rentals/1014585,,,open,
low,Serenity Oasis Estate,Tucson,,No Property Stage set,"Set Property Stage on the unit in Streamline. Until it is set, the audit has to assume the unit should be selling.",,1051019,https://www.airbnb.com/rooms/575871149832894012,https://www.vrbo.com/5135955,https://casago.com/rentals/1014212,,,open,
low,Sierra Vista,Tucson,,No Property Stage set,"Set Property Stage on the unit in Streamline. Until it is set, the audit has to assume the unit should be selling.",,1050514,https://www.airbnb.com/rooms/1082292813033605469,https://www.vrbo.com/5135273,https://casago.com/rentals/1013719,,,open,
low,Skyline Casitas Palo Verde,Tucson,,No Property Stage set,"Set Property Stage on the unit in Streamline. Until it is set, the audit has to assume the unit should be selling.",,1051061,https://www.airbnb.com/rooms/641231987987178290,https://www.vrbo.com/5135997,https://casago.com/rentals/1014251,,,open,
low,Skyline Springs #132,Tucson,,No Property Stage set,"Set Property Stage on the unit in Streamline. Until it is set, the audit has to assume the unit should be selling.",,1050454,https://www.airbnb.com/rooms/1612343148503977312,https://www.vrbo.com/5135198,https://casago.com/rentals/1013659,,,open,
low,Soft Winds Abode,Tucson,,No Property Stage set,"Set Property Stage on the unit in Streamline. Until it is set, the audit has to assume the unit should be selling.",,1050944,https://www.airbnb.com/rooms/43449745,https://www.vrbo.com/5135873,https://casago.com/rentals/1014139,,,open,
